energyEfficiency,price,constructionYear,livingSpace,energySources,photosCount,localAmenitiesScore,localMobilityScore,latitudeDistrict,longitudeDistrict,distanceToCenter,location,district,rooms,energyClass,elevator,sauna,swimmingpool,kitchenEqipped,cellar,storageRoom,wheelchairAccessible,assistedLiving,parkingSlots,guestToilet,privateOutdoorSpace,chimney,attics
1,483623.0,2023.0,82.81,9.0,6.0,8.2,9.6,49.46008,11.04266,2.615535154498642,2,Seeleinsbühl,3.0,1,1,0,0,0,0,1,0,0,0,0,1,0,0
1,433956.0,2023.0,75.52,9.0,6.0,8.2,9.6,49.46008,11.04266,2.615535154498642,2,Seeleinsbühl,3.0,1,1,0,0,0,0,1,0,0,0,0,1,0,0
1,251000.0,2023.0,46.77,9.0,6.0,8.2,9.6,49.46008,11.04266,2.615535154498642,2,Seeleinsbühl,2.0,1,1,0,0,0,1,0,0,0,0,0,1,0,0
1,255000.0,2023.0,46.77,9.0,6.0,8.2,9.6,49.46008,11.04266,2.615535154498642,2,Seeleinsbühl,2.0,1,1,0,0,0,1,0,0,0,0,0,1,0,0
1,447710.0,2023.0,83.76,9.0,5.0,8.2,9.6,49.46008,11.04266,2.615535154498642,2,Seeleinsbühl,3.0,1,1,0,0,0,0,1,0,0,0,0,1,0,0
1,265000.0,2023.0,46.77,9.0,6.0,8.2,9.6,49.46008,11.04266,2.615535154498642,2,Seeleinsbühl,2.0,1,1,0,0,0,1,0,0,0,0,0,1,0,0
0,225000.0,1967.0,73.0,2.0,10.0,3.6,9.0,49.41476,11.11488,4.986186977513444,3,Neuselsbrunn,3.0,6,1,0,0,1,1,1,0,0,0,0,1,0,0
1,178000.0,2019.0,28.25,2.0,7.0,8.8,9.4,49.46166,11.03136,3.445230610517414,2,Muggenhof,1.0,2,0,0,0,0,1,0,0,0,1,0,0,0,0
0,149500.0,1950.0,44.0,1.0,7.0,6.0,9.4,49.42039,11.05991,3.7291591591033293,4,Werderau,2.0,6,0,0,0,0,0,0,0,0,0,0,0,0,0
1,643313.0,2022.0,101.79,1.0,5.0,8.3,9.7,49.45044,11.05372,1.6713862397161467,4,Gostenhof,3.0,3,1,0,0,0,1,1,0,0,0,1,0,0,0
0,199000.0,1993.0,49.79,1.0,9.0,6.7,9.7,49.44504,11.10302,2.058294686868276,3,St Peter,2.0,5,1,0,0,1,1,0,0,0,0,0,1,0,0
1,623186.0,2022.0,97.13,1.0,5.0,8.3,9.7,49.45044,11.05372,1.6713862397161467,4,Gostenhof,3.0,3,1,0,0,0,1,1,0,0,0,0,0,0,1
1,582912.0,2022.0,91.08,1.0,5.0,8.3,9.7,49.45044,11.05372,1.6713862397161467,4,Gostenhof,3.0,3,1,0,0,0,1,1,0,0,0,1,1,0,0
1,289302.0,2022.0,42.37,1.0,4.0,8.3,9.7,49.45044,11.05372,1.6713862397161467,4,Gostenhof,1.0,3,1,0,0,1,1,1,0,0,0,0,1,0,0
0,295000.0,1953.0,80.0,3.0,8.0,7.7,9.7,49.42749,11.07581,2.7372674442391345,4,Gibitzenhof,3.0,7,0,0,0,1,0,0,0,0,0,0,1,0,0
0,799000.0,1974.0,169.0,3.0,11.0,7.5,9.7,49.46468,11.08784,1.614009123287336,1,Maxfeld,4.0,5,1,0,0,1,1,1,0,0,1,1,1,0,0
0,185000.0,1955.0,43.0,2.0,6.0,7.0,9.6,49.42828,11.04444,3.5293151524875523,4,Schweinau,2.0,4,0,0,0,1,0,0,0,0,0,0,1,0,0
0,209000.0,1967.0,65.0,2.0,9.0,4.6,8.7,49.41476,11.11488,4.986186977513444,3,Neuselsbrunn,3.0,6,1,0,0,0,1,0,0,0,0,0,1,0,0
1,582100.0,2022.0,92.4,5.0,44.0,5.9,9.4,49.42828,11.04444,3.5293151524875523,4,Schweinau,4.0,1,1,0,0,0,1,1,0,0,1,1,1,0,0
1,529600.0,2022.0,85.09,1.0,4.0,8.3,9.7,49.45044,11.05372,1.6713862397161467,4,Gostenhof,3.0,3,1,0,0,0,1,1,0,0,0,1,0,0,0
1,619537.0,2022.0,99.54,1.0,5.0,8.3,9.7,49.45044,11.05372,1.6713862397161467,4,Gostenhof,3.0,3,1,0,0,0,1,1,0,0,0,1,0,0,0
0,550000.0,1960.0,118.0,2.0,47.0,8.6,9.7,49.45136,11.06303,0.9915783203453478,4,Rosenau,4.0,5,1,0,0,1,1,0,0,0,1,1,0,0,0
1,427350.0,2023.0,64.75,2.0,22.0,7.6,9.6,49.43896,11.04878,2.491818130940929,4,St Leonhard,2.0,2,1,0,0,0,1,0,0,0,0,0,1,0,0
1,598700.0,2022.0,96.56,5.0,47.0,5.9,9.4,49.42828,11.04444,3.5293151524875523,4,Schweinau,3.0,1,1,0,0,0,1,1,0,0,1,1,1,0,0
0,229000.0,1961.0,63.0,1.0,40.0,5.4,7.1,49.46879,11.16706,6.789231555040641,1,Laufamholz,2.0,5,0,0,0,0,1,0,0,0,1,0,1,1,0
1,577235.0,2022.0,88.86,1.0,5.0,8.3,9.7,49.45044,11.05372,1.6713862397161467,4,Gostenhof,3.0,3,1,0,0,0,1,1,0,0,0,1,1,0,0
1,250000.0,2018.0,58.0,1.0,9.0,7.6,9.7,49.43188,11.07654,2.248394282048917,4,Rabus,2.0,2,0,0,0,1,0,0,0,0,0,0,1,0,0
0,169000.0,1950.0,51.0,1.0,13.0,8.7,9.7,49.44398,11.09165,1.408294025223907,3,Glockenhof,2.0,7,0,0,0,0,1,0,0,0,0,0,1,0,0
1,343154.0,2022.0,50.68,1.0,5.0,8.3,9.7,49.45044,11.05372,1.6713862397161467,4,Gostenhof,1.0,3,1,0,0,1,1,1,0,0,0,0,1,0,0
1,401251.0,2022.0,58.65,1.0,5.0,8.3,9.7,49.45044,11.05372,1.6713862397161467,4,Gostenhof,2.0,3,1,0,0,1,1,1,0,0,0,0,1,0,1
0,249000.0,1971.0,66.0,3.0,9.0,6.8,9.6,49.44267,11.12304,3.510327221993633,3,Zerzabelshof,2.0,5,1,0,0,1,1,1,0,0,0,0,1,0,0
1,460038.0,2022.0,69.95,1.0,5.0,8.3,9.7,49.45044,11.05372,1.6713862397161467,4,Gostenhof,2.0,3,1,0,0,1,1,1,0,0,0,0,0,0,0
0,375000.0,1961.0,88.59,1.0,10.0,8.5,9.7,49.46145,11.06072,1.5540259940496581,2,St Johannis,3.0,5,1,0,0,0,0,0,0,0,0,1,1,0,0
0,640000.0,1929.0,174.0,1.0,15.0,8.4,9.7,49.46145,11.06072,1.5540259940496581,2,St Johannis,5.0,6,0,0,0,1,1,0,0,0,0,1,1,0,0
1,556666.0,2022.0,88.08,1.0,5.0,8.3,9.7,49.45044,11.05372,1.6713862397161467,4,Gostenhof,3.0,3,1,0,0,0,1,1,0,0,0,1,0,0,0
1,471627.0,2022.0,70.18,1.0,5.0,8.3,9.7,49.45044,11.05372,1.6713862397161467,4,Gostenhof,2.0,3,1,0,0,1,1,1,0,0,0,0,1,0,1
0,139000.0,1960.0,43.0,4.0,15.0,8.8,9.7,49.46231,11.09839,1.9356297017134596,1,Rennweg,2.0,4,0,0,0,0,1,0,0,0,0,1,0,0,0
1,655100.0,2022.0,105.66,5.0,45.0,5.9,9.4,49.42828,11.04444,3.5293151524875523,4,Schweinau,3.5,1,1,0,0,0,1,1,0,0,1,1,1,0,0
1,504875.0,2022.0,78.69,1.0,5.0,8.3,9.7,49.45044,11.05372,1.6713862397161467,4,Gostenhof,3.0,3,1,0,0,0,1,1,0,0,0,0,0,0,1
1,410017.0,2022.0,60.54,1.0,5.0,8.3,9.7,49.45044,11.05372,1.6713862397161467,4,Gostenhof,2.0,3,1,0,0,1,1,1,0,0,0,0,0,0,1
1,451316.0,2022.0,69.81,1.0,5.0,8.3,9.7,49.45044,11.05372,1.6713862397161467,4,Gostenhof,2.0,3,1,0,0,1,1,1,0,0,0,0,0,0,0
0,90000.0,1999.0,40.0,4.0,23.0,5.2,9.3,49.4576,11.13188,4.035137406290032,1,Mögeldorf,1.5,5,1,0,0,0,0,0,0,0,0,0,1,0,0
1,449256.0,2022.0,68.79,1.0,5.0,8.3,9.7,49.45044,11.05372,1.6713862397161467,4,Gostenhof,2.0,3,1,0,0,1,1,1,0,0,0,0,1,0,0
1,495028.0,2022.0,73.73,1.0,5.0,8.3,9.7,49.45044,11.05372,1.6713862397161467,4,Gostenhof,2.0,3,1,0,0,1,1,1,0,0,0,0,1,0,1
1,598700.0,2022.0,96.56,5.0,45.0,5.9,9.4,49.42828,11.04444,3.5293151524875523,4,Schweinau,3.0,1,1,0,0,0,1,1,0,0,1,1,1,0,0
0,219000.0,1968.0,49.0,3.0,21.0,7.5,9.6,49.46869,11.10224,2.6096488719043096,1,Schoppershof,1.0,5,1,0,0,0,1,0,0,0,1,0,1,0,1
0,239000.0,1967.0,67.78,2.0,15.0,2.5,6.8,49.42483,11.12159,4.441864589779111,3,Stadion,3.0,6,1,0,0,0,1,1,0,0,0,0,1,0,0
1,399000.0,1985.0,92.0,2.0,5.0,5.7,9.3,49.46221,11.12067,3.3710608981827215,1,St Jobst,3.5,3,1,0,0,1,1,1,0,0,1,1,1,0,0
0,169000.0,1909.0,57.0,1.0,17.0,7.5,9.5,49.43896,11.04878,2.491818130940929,4,St Leonhard,3.0,7,0,0,0,0,0,0,0,0,0,1,1,0,0
0,350000.0,1957.0,101.84,1.0,23.0,7.6,9.7,49.43929,11.07396,1.4381169948042094,4,Steinbühl,4.0,5,0,0,0,0,0,0,0,0,1,0,0,0,0
1,525000.0,2013.0,90.0,2.0,12.0,8.7,9.7,49.46468,11.08784,1.614009123287336,1,Maxfeld,3.0,3,1,0,0,1,0,0,0,0,0,1,1,0,0
1,299000.0,1991.0,66.0,2.0,6.0,5.6,9.4,49.44673,11.11364,2.7363398346084034,3,Weichselgarten,2.0,3,1,0,0,0,1,0,0,0,1,0,1,0,0
0,149000.0,1960.0,39.0,1.0,6.0,7.9,9.7,49.46231,11.09839,1.9356297017134596,1,Rennweg,1.5,5,0,0,0,0,0,0,0,0,0,0,0,0,0
1,445700.0,2023.0,89.15,6.0,20.0,6.6,9.0,49.4685,11.11889,3.552939363275519,1,Steinplatte,3.0,3,1,0,0,0,1,1,0,0,1,0,1,0,0
0,279000.0,1988.0,59.0,1.0,12.0,4.8,8.7,49.4772,11.06313,2.9582726757265996,2,Thon,2.0,5,0,0,0,1,1,1,0,0,1,0,1,0,0
1,342000.0,2023.0,63.33,6.0,18.0,6.6,9.0,49.4685,11.11889,3.552939363275519,1,Steinplatte,2.0,3,1,0,0,0,1,1,0,0,1,0,1,0,0
0,169000.0,1960.0,43.0,1.0,3.0,8.8,9.7,49.4587,11.09995,1.833793978860811,1,Gärten b Wöhrd,2.0,5,0,0,0,1,1,0,0,0,0,0,0,0,1
0,130000.0,1973.0,38.4,3.0,5.0,4.5,8.9,49.43287,11.12797,4.2793539298007595,3,Gleißhammer,1.0,5,1,0,0,1,1,0,0,0,0,0,0,0,0
1,214100.0,1958.0,29.86,2.0,7.0,8.8,9.7,49.45136,11.06303,0.9915783203453478,4,Rosenau,1.0,2,1,0,0,0,1,0,0,0,0,0,0,0,0
0,165000.0,1895.0,60.0,1.0,11.0,8.4,9.7,49.43972,11.08698,1.564401679049105,3,Lichtenhof,2.0,5,0,0,0,0,1,0,0,0,0,0,0,0,1
0,159000.0,1952.0,61.45,1.0,12.0,6.8,9.6,49.43317,11.08908,2.2873256777207516,3,Hummelstein,3.0,7,0,0,0,0,1,0,0,0,1,0,1,0,0
0,335000.0,1995.0,74.5,1.0,30.0,5.6,8.0,49.40306,11.03293,6.305232071925194,4,Eibach,2.5,6,0,0,0,0,1,0,0,0,0,0,1,0,0
1,599000.0,2021.0,95.0,2.0,20.0,8.0,9.6,49.46909,11.07358,1.902614158881705,2,Nordbahnhof,3.0,3,1,0,0,1,1,1,0,0,1,1,1,0,0
1,214700.0,1958.0,29.93,2.0,7.0,8.8,9.7,49.45136,11.06303,0.9915783203453478,4,Rosenau,1.0,2,1,0,0,0,1,0,0,0,0,0,0,0,0
1,296000.0,1972.0,73.66,2.0,5.0,6.4,8.9,49.42333,11.02481,4.930702243085639,4,Neuröthenbach,3.0,3,0,0,0,0,1,0,0,0,0,0,1,0,0
0,129000.0,1949.0,59.04,1.0,4.0,3.7,7.1,49.41416,11.10365,4.647133359225568,3,Zollhaus,3.0,6,0,0,0,0,1,0,0,0,0,0,0,0,0
1,399000.0,2005.0,85.0,2.0,14.0,6.2,9.3,49.41572,11.03733,4.946659671548466,4,Röthenbach b Schweinau,3.5,3,1,0,0,0,0,0,0,0,0,0,1,0,1
0,319000.0,1967.0,87.0,2.0,12.0,4.6,8.7,49.41476,11.11488,4.986186977513444,3,Neuselsbrunn,4.0,6,0,0,0,1,1,0,0,0,0,0,1,0,0
0,1770000.0,1998.0,532.0,2.0,8.0,7.6,9.7,49.43929,11.07396,1.4381169948042094,4,Steinbühl,22.0,5,0,0,0,0,0,0,0,0,1,0,0,0,0
0,180000.0,1910.0,63.0,1.0,9.0,5.3,9.4,49.4344,11.05972,2.3196388415074902,4,Sandreuth,3.0,5,0,0,0,0,1,0,0,0,0,0,0,0,0
1,339000.0,2002.0,84.0,1.0,27.0,6.0,8.3,49.40306,11.03293,6.305232071925194,4,Eibach,3.0,3,1,0,0,0,1,1,0,0,1,1,1,0,0
0,250000.0,1960.0,74.0,1.0,4.0,9.0,9.7,49.4587,11.09995,1.833793978860811,1,Gärten b Wöhrd,3.0,5,0,0,0,0,1,0,0,0,0,0,1,0,0
0,359000.0,1965.0,70.7,2.0,1.0,7.0,9.3,49.44267,11.12304,3.510327221993633,3,Zerzabelshof,3.0,4,1,0,0,0,1,1,0,0,0,0,1,0,0
0,229000.0,1990.0,65.0,1.0,11.0,6.7,9.7,49.44398,11.09165,1.408294025223907,3,Glockenhof,2.0,5,0,0,0,0,0,0,0,0,0,0,1,0,0
0,149950.0,1967.0,48.0,3.0,2.0,5.4,8.1,49.40306,11.03293,6.305232071925194,4,Eibach,1.0,5,0,0,0,0,1,0,0,0,0,0,1,0,0
0,135000.0,1972.0,38.0,1.0,9.0,4.5,6.7,49.36832,11.08454,9.333175251108791,3,Herpersdorf,2.0,4,0,0,0,0,1,0,0,0,1,0,1,0,0
0,242000.0,1964.0,88.64,2.0,4.0,3.8,8.9,49.41476,11.11488,4.986186977513444,3,Neuselsbrunn,4.0,4,0,0,0,0,1,0,0,0,0,0,1,0,0
0,308000.0,1984.0,75.0,1.0,25.0,6.2,9.4,49.44267,11.12304,3.510327221993633,3,Zerzabelshof,3.0,5,0,0,0,1,1,0,0,0,1,1,1,0,0
0,249000.0,1993.0,63.06,1.0,9.0,8.8,9.6,49.47642,11.10244,3.2822741747569886,1,Herrnhütte,2.0,5,1,0,0,0,1,0,0,0,0,0,1,0,0
0,178000.0,1965.0,68.0,1.0,15.0,7.5,9.5,49.43896,11.04878,2.491818130940929,4,St Leonhard,3.0,8,0,0,0,1,1,0,0,0,0,0,1,0,0
0,419900.0,2011.0,73.67,6.0,27.0,4.7,9.2,49.43638,11.02739,3.9704750035340526,4,Großreuth b Schweinau,3.0,4,1,0,0,0,1,0,0,0,1,1,1,0,0
0,159000.0,1988.0,42.0,1.0,9.0,7.9,9.7,49.46145,11.06072,1.5540259940496581,2,St Johannis,1.5,6,1,0,0,1,0,1,0,0,0,0,0,0,0
1,332500.0,1969.0,107.0,2.0,7.0,5.7,9.0,49.42333,11.02481,4.930702243085639,4,Neuröthenbach,3.0,3,1,0,0,0,1,0,0,0,1,0,1,1,0
0,119000.0,1913.0,35.0,1.0,9.0,7.6,9.4,49.46166,11.03136,3.445230610517414,2,Muggenhof,1.0,6,0,0,0,1,1,0,0,0,0,0,0,0,0
0,525000.0,2009.0,82.0,1.0,10.0,7.5,9.7,49.45601,11.08013,0.5004970884120207,1,Sebald,3.0,4,1,0,0,1,1,0,0,0,1,0,0,0,0
0,98000.0,1987.0,28.23,1.0,7.0,2.3,7.4,49.38101,11.04008,8.33691604604628,4,Reichelsdorf,1.0,4,0,0,0,1,1,0,0,0,0,0,0,0,0
0,98000.0,1991.0,35.0,1.0,2.0,7.0,9.7,49.44504,11.10302,2.058294686868276,3,St Peter,1.0,7,0,0,0,1,1,1,0,0,0,0,0,0,0
0,215000.0,1970.0,77.0,12.0,9.0,7.5,8.9,49.40815,11.13376,6.396166168496709,3,Langwasser,3.0,5,1,0,0,0,1,0,0,0,0,0,1,0,0
0,215000.0,1970.0,77.0,12.0,9.0,7.5,8.9,49.40815,11.13376,6.396166168496709,3,Langwasser,3.0,5,1,0,0,0,1,0,0,0,1,0,1,0,0
0,318000.0,1987.0,92.93,1.0,10.0,2.3,7.4,49.38101,11.04008,8.33691604604628,4,Reichelsdorf,4.5,4,0,0,0,1,1,0,0,0,1,1,1,0,1
0,449000.0,1987.0,115.69,1.0,9.0,2.3,7.4,49.38101,11.04008,8.33691604604628,4,Reichelsdorf,4.5,4,0,0,0,1,1,1,0,0,1,0,1,0,0
0,212000.0,1964.0,77.31,22.0,6.0,4.3,9.0,49.41476,11.11488,4.986186977513444,3,Neuselsbrunn,3.0,5,0,0,0,0,1,0,0,0,0,0,1,0,0
0,175000.0,1973.0,35.0,4.0,14.0,8.4,9.7,49.45021,11.07551,0.22708254569977968,4,Lorenz,1.0,6,1,0,0,0,1,0,0,0,0,0,0,0,0
1,279000.0,2022.0,46.93,1.0,3.0,7.2,9.7,49.45044,11.05372,1.6713862397161467,4,Gostenhof,2.0,3,1,0,0,1,1,0,0,0,0,0,0,0,0
0,298000.0,1973.0,65.95,3.0,25.0,7.4,9.7,49.45275,11.09419,1.2663396294096376,1,Wöhrd,2.0,4,1,0,0,1,1,0,0,1,0,0,1,0,0
0,218500.0,1957.0,54.0,1.0,6.0,7.5,9.7,49.46293,11.07721,1.2048067566337808,1,Gärten h d Veste,2.0,7,0,0,0,1,1,1,0,0,0,0,1,0,0
1,410000.0,2022.0,73.1,1.0,3.0,7.2,9.7,49.45044,11.05372,1.6713862397161467,4,Gostenhof,2.0,3,1,0,0,1,1,1,0,0,0,0,1,0,0
1,179000.0,1971.0,53.43,4.0,8.0,8.0,9.7,49.43964,11.09467,1.8993064800798953,3,Bleiweiß,2.0,3,0,0,0,0,1,1,0,0,0,0,0,0,0
0,119000.0,1975.0,34.0,10.0,8.0,5.1,8.4,49.40815,11.13376,6.396166168496709,3,Langwasser,1.0,4,1,0,0,0,1,0,0,0,1,0,1,0,0
0,299000.0,1953.0,71.0,3.0,8.0,7.6,9.7,49.46468,11.08784,1.614009123287336,1,Maxfeld,3.0,6,0,0,0,0,0,0,0,0,0,0,0,0,0
1,209000.0,1899.0,33.0,7.0,6.0,6.5,9.5,49.45044,11.05372,1.6713862397161467,4,Gostenhof,1.0,3,0,0,0,0,1,0,0,0,0,0,0,0,0
0,379000.0,2001.0,96.0,1.0,10.0,4.9,8.4,49.38101,11.04008,8.33691604604628,4,Reichelsdorf,3.5,5,0,0,0,1,1,1,0,0,0,0,1,0,0
1,470000.0,2022.0,84.94,1.0,3.0,7.2,9.7,49.45044,11.05372,1.6713862397161467,4,Gostenhof,3.0,3,1,0,0,0,1,1,0,0,0,1,0,0,0
1,500000.0,2022.0,94.59,1.0,3.0,7.2,9.7,49.45044,11.05372,1.6713862397161467,4,Gostenhof,3.0,3,1,0,0,0,1,1,0,0,0,1,1,0,0
0,88000.0,1955.0,62.0,1.0,5.0,7.6,9.7,49.43929,11.07396,1.4381169948042094,4,Steinbühl,2.0,4,0,0,0,0,0,0,0,0,0,0,0,0,0
0,176300.0,1990.0,27.0,1.0,20.0,2.6,7.9,49.47383,11.04511,3.3242287840057374,2,Wetzendorf,1.0,5,1,0,0,0,1,0,0,0,1,0,0,0,0
1,149000.0,2013.0,28.0,2.0,9.0,8.1,9.7,49.44398,11.09165,1.408294025223907,3,Glockenhof,1.0,3,0,0,0,1,1,0,0,0,0,0,1,0,0
0,798000.0,1887.0,184.33,1.0,8.0,5.2,8.5,49.47211,11.03073,3.9985559744336583,2,Schniegling,5.0,4,0,0,0,1,1,1,0,0,1,1,1,0,0
0,275000.0,1973.0,83.0,3.0,24.0,6.9,7.7,49.36832,11.08454,9.333175251108791,3,Herpersdorf,3.0,6,1,0,0,1,1,0,0,0,1,0,1,0,0
1,436000.0,2022.0,79.46,1.0,3.0,7.2,9.7,49.45044,11.05372,1.6713862397161467,4,Gostenhof,3.0,3,1,0,0,0,1,1,0,0,0,0,1,0,0
0,380000.0,1964.0,103.53,2.0,24.0,4.3,9.0,49.41476,11.11488,4.986186977513444,3,Neuselsbrunn,5.0,5,0,0,0,1,1,1,0,0,0,0,1,0,0
0,319000.0,1954.0,80.0,2.0,20.0,8.5,9.7,49.46468,11.08784,1.614009123287336,1,Maxfeld,3.0,4,0,0,0,0,0,0,0,0,0,0,1,0,0
1,540000.0,2022.0,97.78,1.0,3.0,7.2,9.7,49.45044,11.05372,1.6713862397161467,4,Gostenhof,3.0,3,1,0,0,0,1,1,0,0,0,1,1,0,0
0,88000.0,1955.0,62.0,1.0,5.0,7.6,9.7,49.43929,11.07396,1.4381169948042094,4,Steinbühl,2.0,4,0,0,0,0,0,0,0,0,0,0,0,0,0
1,225000.0,1933.0,40.98,1.0,26.0,8.2,9.7,49.46231,11.09839,1.9356297017134596,1,Rennweg,1.0,2,0,0,0,0,1,0,0,0,0,0,1,0,0
0,355000.0,1996.0,87.8,1.0,2.0,5.2,8.4,49.44723,11.02413,3.838656570510188,4,Gaismannshof,3.0,6,0,0,0,0,1,0,0,0,1,1,1,0,0
0,298000.0,1965.0,81.0,3.0,17.0,6.8,9.4,49.46909,11.07358,1.902614158881705,2,Nordbahnhof,3.0,6,0,0,0,0,0,0,0,0,0,0,0,0,0
1,249000.0,2022.0,36.23,1.0,2.0,7.2,9.7,49.45044,11.05372,1.6713862397161467,4,Gostenhof,1.0,3,1,0,0,1,1,1,0,0,0,0,0,0,0
1,277000.0,2022.0,46.13,1.0,3.0,7.2,9.7,49.45044,11.05372,1.6713862397161467,4,Gostenhof,2.0,3,1,0,0,1,1,0,0,0,0,0,0,0,0
0,189000.0,1900.0,60.15,1.0,1.0,6.3,9.4,49.45044,11.05372,1.6713862397161467,4,Gostenhof,3.0,8,0,0,0,0,1,0,0,0,0,0,1,0,0
0,165000.0,1979.0,61.5,1.0,14.0,7.9,9.6,49.43964,11.09467,1.8993064800798953,3,Bleiweiß,2.0,5,0,0,0,1,0,0,0,0,0,0,0,0,0
0,290000.0,1920.0,78.0,1.0,17.0,7.5,9.5,49.43896,11.04878,2.491818130940929,4,St Leonhard,3.0,6,0,0,0,1,1,0,0,0,1,0,1,0,0
1,289000.0,1933.0,53.18,1.0,24.0,8.2,9.7,49.46231,11.09839,1.9356297017134596,1,Rennweg,2.0,2,0,0,0,0,1,0,0,0,0,0,1,0,0
1,295000.0,2022.0,52.64,1.0,3.0,7.2,9.7,49.45044,11.05372,1.6713862397161467,4,Gostenhof,2.0,3,1,0,0,1,1,1,0,0,0,0,0,0,0
0,129500.0,1965.0,53.0,3.0,10.0,7.5,9.5,49.46869,11.10224,2.6096488719043096,1,Schoppershof,2.0,5,1,0,0,0,0,0,0,0,0,0,0,0,0
0,599000.0,1989.0,117.2,1.0,31.0,3.5,8.3,49.47441,11.13785,5.067966957126576,1,Erlenstegen,5.0,4,0,0,0,1,1,0,0,0,0,1,1,0,0
0,199000.0,1960.0,54.0,1.0,24.0,8.2,9.7,49.4587,11.09995,1.833793978860811,1,Gärten b Wöhrd,2.0,6,1,0,0,1,1,0,0,0,1,0,1,0,0
1,310000.0,2022.0,48.7,1.0,3.0,7.2,9.7,49.45044,11.05372,1.6713862397161467,4,Gostenhof,1.0,3,1,0,0,1,1,0,0,0,0,0,1,0,0
0,135000.0,1974.0,45.0,19.0,7.0,7.0,9.6,49.42828,11.04444,3.5293151524875523,4,Schweinau,1.0,5,0,0,0,0,1,0,0,0,0,0,1,0,0
0,265000.0,1978.0,63.0,1.0,23.0,7.4,9.3,49.47383,11.04511,3.3242287840057374,2,Wetzendorf,2.0,5,1,0,0,0,1,0,0,0,1,0,1,0,0
0,189000.0,1912.0,52.0,14.0,8.0,7.5,9.6,49.45044,11.05372,1.6713862397161467,4,Gostenhof,2.0,7,0,0,0,0,1,1,0,0,0,0,0,0,0
1,128000.0,1994.0,30.0,1.0,11.0,6.3,9.6,49.42828,11.04444,3.5293151524875523,4,Schweinau,1.0,3,1,0,0,1,1,0,0,0,0,0,1,0,0
1,369500.0,1992.0,73.69,2.0,12.0,5.7,9.2,49.46221,11.12067,3.3710608981827215,1,St Jobst,2.5,3,1,0,0,1,1,0,0,0,1,0,1,0,0
1,310000.0,2022.0,55.12,1.0,3.0,7.2,9.7,49.45044,11.05372,1.6713862397161467,4,Gostenhof,2.0,3,1,0,0,1,1,1,0,0,0,0,0,0,0
0,210000.0,1957.0,86.88,1.0,10.0,6.3,9.7,49.44887,11.08851,0.9261995040228098,3,Gleißbühl,3.0,5,0,0,0,0,1,0,0,0,0,0,0,0,0
1,480000.0,2022.0,85.53,1.0,2.0,7.2,9.7,49.45044,11.05372,1.6713862397161467,4,Gostenhof,3.0,3,1,0,0,0,1,0,0,0,0,1,1,0,0
1,466000.0,2022.0,84.26,1.0,4.0,7.2,9.7,49.45044,11.05372,1.6713862397161467,4,Gostenhof,3.0,3,1,0,0,0,1,1,0,0,0,1,0,0,0
0,485000.0,1999.0,88.0,1.0,11.0,6.3,9.6,49.46468,11.08784,1.614009123287336,1,Maxfeld,3.0,5,0,0,0,0,0,0,0,0,0,0,0,0,0
0,171600.0,1967.0,52.0,3.0,9.0,8.4,9.6,49.46145,11.06072,1.5540259940496581,2,St Johannis,2.0,6,1,0,0,1,0,0,0,0,0,0,1,0,0
0,299000.0,1971.0,77.63,3.0,13.0,4.3,8.2,49.41572,11.03733,4.946659671548466,4,Röthenbach b Schweinau,3.0,5,1,0,0,0,1,1,0,0,0,0,1,0,0
0,130000.0,1970.0,44.0,4.0,14.0,5.9,9.3,49.4576,11.13188,4.035137406290032,1,Mögeldorf,1.5,5,1,0,0,1,0,0,0,0,0,0,1,0,0
1,315000.0,2022.0,49.44,1.0,3.0,7.2,9.7,49.45044,11.05372,1.6713862397161467,4,Gostenhof,1.0,3,1,0,0,1,1,1,0,0,0,0,0,0,0
1,449000.0,2011.0,94.0,21.0,9.0,5.533333333333333,9.09047619047619,49.41572,11.03733,4.946659671548466,4,Röthenbach b Schweinau,3.0,2,1,0,0,1,1,1,1,0,0,0,1,0,0
1,479800.0,2021.0,95.84,6.0,11.0,8.0,9.6,49.43896,11.04878,2.491818130940929,4,St Leonhard,4.0,3,1,0,0,0,1,1,0,0,0,1,1,0,0
1,525000.0,2022.0,96.83,1.0,3.0,7.2,9.7,49.45044,11.05372,1.6713862397161467,4,Gostenhof,3.0,3,1,0,0,0,1,1,0,0,0,1,1,0,0
0,539000.0,2013.0,92.0,2.0,24.0,7.6,9.7,49.44522,11.03959,2.789672465218731,4,Sündersbühl,4.0,4,1,0,0,1,0,0,0,0,1,1,0,0,0
1,425000.0,2016.0,100.0,1.0,8.0,6.3,9.7,49.44504,11.10302,2.058294686868276,3,St Peter,3.0,3,0,0,0,1,0,0,0,0,0,0,0,0,0
1,319000.0,2022.0,49.44,1.0,3.0,7.2,9.7,49.45044,11.05372,1.6713862397161467,4,Gostenhof,1.0,3,1,0,0,1,1,1,0,0,0,0,0,0,0
0,396000.0,1913.0,132.0,7.0,14.0,8.7,9.6,49.46145,11.06072,1.5540259940496581,2,St Johannis,5.5,5,0,0,0,0,0,0,0,0,0,1,1,0,0
1,295000.0,2022.0,44.54,1.0,3.0,7.2,9.7,49.45044,11.05372,1.6713862397161467,4,Gostenhof,1.0,3,1,0,0,1,1,0,0,0,0,0,0,0,0
1,436000.0,2022.0,79.29,1.0,3.0,7.2,9.7,49.45044,11.05372,1.6713862397161467,4,Gostenhof,3.0,3,1,0,0,0,1,1,0,0,0,0,1,0,0
0,390000.0,1982.0,102.0,1.0,19.0,6.8,9.7,49.42828,11.04444,3.5293151524875523,4,Schweinau,4.0,5,0,0,0,0,1,1,0,0,0,1,1,0,0
1,655100.0,2022.0,105.66,5.0,45.0,5.9,9.4,49.42828,11.04444,3.5293151524875523,4,Schweinau,3.5,1,1,0,0,0,1,1,0,0,1,1,1,0,0
0,310000.0,1981.0,84.0,1.0,14.0,6.7,9.3,49.47383,11.04511,3.3242287840057374,2,Wetzendorf,3.0,4,1,0,0,1,0,0,0,0,0,1,1,0,0
0,389900.0,1991.0,112.0,1.0,21.0,7.5,9.7,49.42749,11.07581,2.7372674442391345,4,Gibitzenhof,4.0,5,1,0,0,0,1,1,0,0,1,1,1,0,1
0,289000.0,1975.0,85.0,3.0,20.0,6.3,9.1,49.47166,11.1113,3.314139090031284,1,Nordostbahnhof,3.0,4,1,0,0,0,1,0,0,0,1,1,1,0,0
0,289000.0,1996.0,67.16,1.0,11.0,3.1,6.9,49.37786,11.09828,8.401436149538007,3,Worzeldorf,2.0,4,0,0,0,0,0,0,0,0,0,0,0,0,0
1,582100.0,2022.0,92.4,5.0,44.0,5.9,9.4,49.42828,11.04444,3.5293151524875523,4,Schweinau,4.0,1,1,0,0,0,1,1,0,0,1,1,1,0,0
1,598700.0,2022.0,96.56,5.0,47.0,5.9,9.4,49.42828,11.04444,3.5293151524875523,4,Schweinau,3.0,1,1,0,0,0,1,1,0,0,1,1,1,0,0
1,495000.0,2007.0,88.0,2.0,25.0,8.3,9.6,49.46145,11.06072,1.5540259940496581,2,St Johannis,3.0,3,1,0,0,1,1,0,0,0,1,1,1,0,0
0,249000.0,1985.0,85.0,1.0,4.0,1.2,7.7,49.34839,11.06059,11.590814584867994,4,Katzwang,3.0,6,0,0,0,1,1,1,0,0,1,0,1,0,0
0,340000.0,1988.0,66.0,1.0,10.0,6.9,9.3,49.4772,11.06313,2.9582726757265996,2,Thon,2.5,6,0,0,0,1,1,0,0,0,1,0,1,0,0
1,436000.0,2022.0,79.05,1.0,3.0,7.2,9.7,49.45044,11.05372,1.6713862397161467,4,Gostenhof,3.0,3,1,0,0,0,1,1,0,0,0,0,0,0,0
0,198000.0,1950.0,54.0,1.0,18.0,7.5,9.7,49.43929,11.07396,1.4381169948042094,4,Steinbühl,2.0,6,0,0,0,0,1,0,0,0,1,0,0,0,0
0,169900.0,1966.0,40.0,2.0,8.0,6.7,9.2,49.42333,11.02481,4.930702243085639,4,Neuröthenbach,1.0,4,1,0,0,1,1,0,0,0,0,0,1,0,0
0,335000.0,1986.0,77.0,1.0,19.0,4.2,8.6,49.4772,11.06313,2.9582726757265996,2,Thon,2.5,6,1,0,0,1,1,0,0,0,1,0,1,0,0
1,249000.0,2022.0,36.27,1.0,3.0,7.2,9.7,49.45044,11.05372,1.6713862397161467,4,Gostenhof,1.0,3,1,0,0,1,1,1,0,0,0,0,0,0,0
0,244900.0,1998.0,51.67,1.0,14.0,6.5,8.1,49.40306,11.03293,6.305232071925194,4,Eibach,1.5,5,0,0,0,0,1,0,0,0,1,0,1,0,0
0,325000.0,1976.0,97.0,3.0,6.0,5.4,9.1,49.4576,11.13188,4.035137406290032,1,Mögeldorf,2.0,7,0,0,0,0,1,0,0,0,0,1,1,0,0
1,420000.0,2022.0,80.11,1.0,3.0,7.2,9.7,49.45044,11.05372,1.6713862397161467,4,Gostenhof,3.0,3,1,0,0,0,1,1,0,0,0,0,0,0,0
0,209000.0,1912.0,63.0,1.0,13.0,6.1,9.6,49.43317,11.08908,2.2873256777207516,3,Hummelstein,3.0,4,0,0,0,0,1,0,0,0,0,1,0,0,0
0,215000.0,1975.0,73.0,2.0,9.0,6.2,7.9,49.40815,11.13376,6.396166168496709,3,Langwasser,3.0,4,1,0,0,0,0,0,0,0,0,0,0,0,0
0,789000.0,2009.0,123.0,1.0,13.0,6.4,9.5,49.46468,11.08784,1.614009123287336,1,Maxfeld,3.0,4,0,0,0,0,0,0,0,0,0,0,0,0,0
0,299000.0,1976.0,83.0,2.0,38.0,6.1,9.3,49.41572,11.03733,4.946659671548466,4,Röthenbach b Schweinau,3.0,4,1,0,0,0,1,0,0,0,1,0,1,0,0
1,420000.0,2022.0,80.13,1.0,4.0,7.2,9.7,49.45044,11.05372,1.6713862397161467,4,Gostenhof,3.0,3,1,0,0,0,1,1,0,0,0,1,0,0,0
1,799000.0,2016.0,106.0,2.0,6.0,3.2,8.9,49.44363,11.01332,4.677683989399614,4,Kleinreuth b Schweinau,3.0,3,1,0,0,0,1,0,0,0,1,0,1,0,0
1,389000.0,1991.0,81.0,2.0,4.0,5.6,9.4,49.44673,11.11364,2.7363398346084034,3,Weichselgarten,4.0,3,1,0,0,0,1,0,0,0,1,0,1,0,0
0,279000.0,1991.0,66.41,1.0,22.0,7.5,9.3,49.47383,11.04511,3.3242287840057374,2,Wetzendorf,2.5,4,1,0,0,1,1,1,0,0,1,0,1,0,0
0,145000.0,1993.0,35.0,1.0,5.0,8.5,9.7,49.45044,11.05372,1.6713862397161467,4,Gostenhof,1.0,4,1,0,0,0,1,0,0,0,0,0,1,0,0
0,374999.0,1992.0,81.0,1.0,18.0,8.2,9.6,49.46293,11.07721,1.2048067566337808,1,Gärten h d Veste,3.0,6,1,0,0,0,1,0,0,0,0,1,1,0,0
0,265000.0,1969.0,78.25,3.0,13.0,7.1,9.5,49.4576,11.13188,4.035137406290032,1,Mögeldorf,3.0,5,1,0,0,1,1,0,0,0,0,1,1,0,0
1,399000.0,2022.0,66.54,1.0,3.0,7.2,9.7,49.45044,11.05372,1.6713862397161467,4,Gostenhof,2.0,3,1,0,0,1,1,1,0,0,0,0,0,0,0
0,198000.0,1960.0,31.0,3.0,18.0,8.9,9.7,49.46468,11.08784,1.614009123287336,1,Maxfeld,2.0,5,0,0,0,1,1,0,0,0,0,0,0,0,0
1,598700.0,2022.0,96.56,5.0,45.0,5.9,9.4,49.42828,11.04444,3.5293151524875523,4,Schweinau,3.0,1,1,0,0,0,1,1,0,0,1,1,1,0,0
0,100000.0,1994.0,27.0,2.0,15.0,6.8,9.6,49.44267,11.12304,3.510327221993633,3,Zerzabelshof,1.0,4,1,0,0,0,0,0,0,0,0,0,0,0,0
1,242000.0,1953.0,69.0,1.0,12.0,8.2,9.7,49.43972,11.08698,1.564401679049105,3,Lichtenhof,2.5,2,0,0,0,1,1,0,0,0,0,0,1,0,0
0,139000.0,1930.0,51.0,7.0,14.0,4.5,9.1,49.4344,11.05972,2.3196388415074902,4,Sandreuth,2.5,7,0,0,0,0,0,0,0,0,0,0,0,0,0
0,219000.0,1950.0,68.0,1.0,9.0,7.7,9.6,49.43896,11.04878,2.491818130940929,4,St Leonhard,3.0,5,0,0,0,0,1,1,0,0,0,0,0,0,0
1,470000.0,2022.0,85.15,1.0,3.0,7.2,9.7,49.45044,11.05372,1.6713862397161467,4,Gostenhof,3.0,3,1,0,0,0,1,1,0,0,0,1,0,0,0
0,210000.0,1906.0,80.0,1.0,17.0,7.7,9.6,49.43964,11.09467,1.8993064800798953,3,Bleiweiß,3.0,7,0,0,0,0,1,0,0,0,0,0,1,0,0
0,265000.0,1970.0,79.0,1.0,9.0,5.9,8.1,49.4576,11.13188,4.035137406290032,1,Mögeldorf,3.0,5,0,0,0,0,1,1,0,0,0,0,1,0,0
0,855000.0,1953.0,163.0,1.0,17.0,8.222222222222223,9.68333333333333,49.46293,11.07721,1.2048067566337808,1,Gärten h d Veste,5.5,4,1,0,0,1,1,1,0,0,1,1,1,0,1
0,264000.0,1957.0,65.0,1.0,8.0,7.5,9.7,49.46293,11.07721,1.2048067566337808,1,Gärten h d Veste,3.0,7,0,0,0,1,1,1,0,0,0,0,1,0,0
0,699000.0,2002.0,159.0,1.0,19.0,6.0,8.8,49.47211,11.03073,3.9985559744336583,2,Schniegling,3.0,4,0,0,0,1,1,0,0,0,0,1,1,0,0
1,649000.0,2016.0,150.0,1.0,21.0,7.9,9.6,49.43896,11.04878,2.491818130940929,4,St Leonhard,4.5,3,1,0,0,1,1,1,0,0,0,0,1,0,0
1,278000.0,1986.0,69.0,1.0,2.0,7.4,9.7,49.43929,11.07396,1.4381169948042094,4,Steinbühl,2.0,2,1,0,0,1,1,0,1,0,0,1,1,0,0
1,317500.0,2022.0,54.61,1.0,3.0,7.2,9.7,49.45044,11.05372,1.6713862397161467,4,Gostenhof,2.0,3,1,0,0,1,1,1,0,0,0,0,0,0,0
0,169000.0,1974.0,49.0,2.0,13.0,6.0,9.7,49.45136,11.06303,0.9915783203453478,4,Rosenau,1.0,5,1,0,0,0,0,0,0,0,0,0,0,0,0
0,310000.0,1975.0,80.0,4.0,13.0,5.8,9.0,49.42333,11.02481,4.930702243085639,4,Neuröthenbach,3.0,5,0,0,0,1,1,0,0,0,0,1,1,0,0
1,279000.0,2022.0,46.12,1.0,3.0,7.2,9.7,49.45044,11.05372,1.6713862397161467,4,Gostenhof,2.0,3,1,0,0,1,1,0,0,0,0,0,0,0,0
1,430000.0,2022.0,80.13,1.0,3.0,7.2,9.7,49.45044,11.05372,1.6713862397161467,4,Gostenhof,3.0,3,1,0,0,0,1,1,0,0,0,1,0,0,0
0,122000.0,1962.0,53.0,1.0,8.0,7.5,9.5,49.43896,11.04878,2.491818130940929,4,St Leonhard,3.0,7,0,0,0,0,1,0,0,0,0,0,0,0,0
1,349000.0,2008.0,70.0,2.0,6.0,8.2,9.7,49.45021,11.07551,0.22708254569977968,4,Lorenz,2.0,3,1,0,0,1,1,0,0,1,0,0,1,0,0
0,309000.0,2012.0,64.81,1.0,25.0,7.6,9.7,49.44522,11.03959,2.789672465218731,4,Sündersbühl,3.0,4,1,0,0,1,1,0,0,0,0,0,1,0,0
0,239000.0,1968.0,78.0,2.0,11.0,6.0,9.3,49.40815,11.13376,6.396166168496709,3,Langwasser,3.0,6,1,0,0,1,0,0,0,0,0,0,0,0,0
0,475000.0,1957.0,118.0,1.0,16.0,7.9,9.7,49.46145,11.06072,1.5540259940496581,2,St Johannis,4.5,7,0,0,0,0,1,0,0,0,1,0,1,0,0
0,249000.0,1900.0,60.0,1.0,6.0,8.2,9.5,49.46145,11.06072,1.5540259940496581,2,St Johannis,3.0,9,0,0,0,0,0,0,0,0,0,0,0,0,0
1,485000.0,2023.0,90.96,4.0,9.0,2.5,7.3,49.40609,11.10351,5.471166449804623,3,Kettelersiedlung,3.0,1,0,0,0,0,1,1,0,0,1,1,1,0,0
0,249900.0,1901.0,67.0,1.0,36.0,2.8,7.4,49.42749,11.07581,2.7372674442391345,4,Gibitzenhof,3.0,5,0,0,0,1,0,1,0,0,0,0,0,0,0
0,350000.0,1986.0,83.9,1.0,14.0,5.0,8.0,49.38101,11.04008,8.33691604604628,4,Reichelsdorf,3.0,7,0,0,0,0,1,1,0,0,0,1,1,0,0
0,215000.0,1974.0,70.0,2.0,11.0,5.9,9.0,49.46008,11.04266,2.615535154498642,2,Seeleinsbühl,2.5,5,1,0,0,0,1,0,0,0,0,0,1,0,0
1,498000.0,2014.0,69.0,2.0,16.0,6.0,9.7,49.44504,11.10302,2.058294686868276,3,St Peter,2.0,2,1,1,0,1,1,1,0,0,1,0,1,0,1
0,249000.0,1961.0,72.13,2.0,28.0,5.6,8.5,49.43287,11.12797,4.2793539298007595,3,Gleißhammer,3.0,5,1,0,0,1,1,0,0,0,0,1,1,0,0
0,150000.0,1996.0,45.0,1.0,19.0,7.9,9.7,49.44522,11.03959,2.789672465218731,4,Sündersbühl,2.0,5,1,0,0,1,0,1,0,0,0,0,1,0,0
0,295000.0,1978.0,104.0,1.0,9.0,5.9,9.6,49.43638,11.02739,3.9704750035340526,4,Großreuth b Schweinau,4.0,5,0,0,0,0,1,1,0,0,0,1,1,0,0
0,181000.0,1998.0,53.0,2.0,10.0,7.6,9.7,49.43929,11.07396,1.4381169948042094,4,Steinbühl,2.0,5,0,0,0,0,0,0,0,0,0,0,1,0,0
0,179500.0,1959.0,56.0,1.0,6.0,7.0,9.7,49.43929,11.07396,1.4381169948042094,4,Steinbühl,2.0,6,1,0,0,0,1,1,0,0,0,0,1,0,0
1,649548.0,2023.0,114.66,5.0,15.0,8.0,9.1,49.47211,11.03073,3.9985559744336583,2,Schniegling,4.0,1,1,0,0,0,1,1,0,0,1,1,1,0,0
0,249000.0,1988.0,70.0,1.0,30.0,5.8,8.7,49.4772,11.06313,2.9582726757265996,2,Thon,2.0,5,1,0,0,0,1,0,0,0,1,0,1,0,0
0,187500.0,1953.0,50.0,1.0,11.0,8.0,9.7,49.4587,11.09995,1.833793978860811,1,Gärten b Wöhrd,2.0,8,0,0,0,0,1,0,0,0,0,0,1,0,0
1,349000.0,2012.0,86.11,8.0,11.0,8.5,9.7,49.43929,11.07396,1.4381169948042094,4,Steinbühl,3.0,2,1,0,0,0,1,0,0,0,0,1,1,0,0
0,269000.0,1965.0,71.3,1.0,15.0,5.2,9.2,49.42039,11.05991,3.7291591591033293,4,Werderau,3.0,4,1,0,0,1,1,0,0,0,0,0,1,0,0
0,141000.0,1960.0,47.0,1.0,9.0,7.4,9.7,49.45275,11.09419,1.2663396294096376,1,Wöhrd,2.0,6,1,0,0,1,1,0,0,0,0,0,1,0,0
1,350000.0,2014.0,76.0,2.0,25.0,4.3,7.0,49.36837,11.04856,9.530353145192935,4,Reichelsdorfer Keller,2.0,2,1,0,0,0,0,0,0,0,0,0,0,0,0
1,489000.0,1982.0,120.0,1.0,15.0,8.6,9.7,49.46293,11.07721,1.2048067566337808,1,Gärten h d Veste,5.0,3,0,0,0,1,1,0,0,0,1,1,1,0,0
0,159000.0,1901.0,42.0,1.0,6.0,2.8,7.4,49.42749,11.07581,2.7372674442391345,4,Gibitzenhof,2.0,5,0,0,0,1,0,0,0,0,0,0,0,0,0
0,250000.0,1911.0,62.0,4.0,4.0,8.4,9.6,49.46145,11.06072,1.5540259940496581,2,St Johannis,3.0,7,0,0,0,1,1,0,0,0,0,0,1,1,0
0,114900.0,1968.0,26.0,1.0,7.0,6.3,9.7,49.44887,11.08851,0.9261995040228098,3,Gleißbühl,1.0,5,0,0,0,1,1,0,0,0,0,0,1,0,0
0,259000.0,1952.0,81.0,1.0,9.0,8.6,9.7,49.43972,11.08698,1.564401679049105,3,Lichtenhof,3.0,7,0,0,0,0,1,0,0,0,0,0,1,0,0
0,299000.0,1978.0,84.0,1.0,4.0,7.5,9.7,49.43929,11.07396,1.4381169948042094,4,Steinbühl,3.0,7,0,0,0,0,1,0,0,0,1,0,1,0,0
0,390000.0,2002.0,63.0,1.0,13.0,8.2,9.7,49.46231,11.09839,1.9356297017134596,1,Rennweg,2.0,5,1,0,0,0,0,0,0,0,0,0,1,0,0
0,239000.0,1985.0,55.0,1.0,23.0,7.0,8.9,49.47211,11.03073,3.9985559744336583,2,Schniegling,2.0,5,0,0,0,0,1,1,0,0,1,0,1,0,0
0,369000.0,1995.0,103.0,1.0,12.0,4.5,8.8,49.41572,11.03733,4.946659671548466,4,Röthenbach b Schweinau,4.0,6,0,0,0,0,0,0,0,0,0,1,1,0,1
0,179000.0,1907.0,65.0,1.0,10.0,7.9,9.7,49.42749,11.07581,2.7372674442391345,4,Gibitzenhof,3.0,7,0,0,0,0,1,0,0,0,0,0,1,0,0
0,209000.0,1956.0,72.0,2.0,9.0,8.8,9.7,49.44186,11.08505,1.2887556948839398,3,Galgenhof,3.0,5,0,0,0,0,1,0,0,0,0,0,0,0,0
1,483525.0,1927.0,76.75,7.0,9.0,6.2,8.0,49.40306,11.03293,6.305232071925194,4,Eibach,3.0,1,0,0,0,0,0,0,0,0,0,0,0,0,0
0,485000.0,1966.0,129.37,3.0,13.0,7.1,9.5,49.4576,11.13188,4.035137406290032,1,Mögeldorf,4.0,6,0,0,0,0,1,0,0,0,1,0,1,0,0
0,495000.0,1983.0,115.0,3.0,13.0,6.6,9.0,49.4685,11.11889,3.552939363275519,1,Steinplatte,4.5,7,0,0,0,0,1,0,0,0,0,1,1,0,0
0,178000.0,1957.0,60.0,1.0,8.0,7.5,9.7,49.43929,11.07396,1.4381169948042094,4,Steinbühl,3.0,7,0,0,0,1,0,0,0,0,0,0,1,0,0
0,339000.0,1905.0,93.0,1.0,15.0,8.8,9.2,49.4576,11.13188,4.035137406290032,1,Mögeldorf,4.0,9,0,0,0,0,1,0,0,0,0,0,0,0,0
0,220000.0,1975.0,67.47,2.0,24.0,5.5,9.6,49.45187,11.10538,2.073327662848834,3,Tullnau,3.0,5,1,0,0,1,1,1,0,0,0,0,1,0,0
0,299000.0,1976.0,83.0,2.0,37.0,6.1,9.3,49.41572,11.03733,4.946659671548466,4,Röthenbach b Schweinau,3.0,4,1,0,0,0,1,0,0,0,1,0,1,0,0
0,649000.0,1999.0,153.0,1.0,36.0,4.8,8.1,49.46008,11.04266,2.615535154498642,2,Seeleinsbühl,6.0,4,0,0,0,1,0,1,0,0,0,1,1,0,0
0,265000.0,1968.0,83.57,2.0,11.0,6.0,9.3,49.40815,11.13376,6.396166168496709,3,Langwasser,3.0,5,1,0,0,0,0,0,0,0,0,0,0,0,0
0,595000.0,1984.0,104.0,1.0,14.0,7.3,9.7,49.45601,11.08013,0.5004970884120207,1,Sebald,3.0,7,0,0,0,1,0,1,0,0,1,1,1,0,0
0,199000.0,1914.0,62.0,1.0,10.0,7.6,9.6,49.43964,11.09467,1.8993064800798953,3,Bleiweiß,3.0,4,0,0,0,0,0,0,0,0,0,0,0,0,0
0,289000.0,1961.0,60.0,3.0,12.0,8.5,9.7,49.45044,11.05372,1.6713862397161467,4,Gostenhof,2.5,5,1,0,0,1,1,0,0,0,0,0,1,1,0
0,395000.0,1973.0,74.0,2.0,5.0,7.3,9.3,49.4576,11.13188,4.035137406290032,1,Mögeldorf,1.5,5,1,1,1,1,1,0,0,0,0,0,1,0,0
0,115000.0,1952.0,38.61,1.0,6.0,6.5,9.7,49.42749,11.07581,2.7372674442391345,4,Gibitzenhof,2.0,8,0,0,0,0,0,0,0,0,0,0,0,0,0
0,425000.0,1946.0,126.0,1.0,4.0,6.1,9.3,49.47166,11.1113,3.314139090031284,1,Nordostbahnhof,4.0,7,0,0,0,0,1,0,0,0,0,0,1,0,0
0,215000.0,1967.0,52.02,3.0,13.0,8.2,9.5,49.46145,11.06072,1.5540259940496581,2,St Johannis,2.0,6,1,0,0,1,1,1,0,0,1,0,1,0,0
0,119000.0,1984.0,42.0,2.0,10.0,6.1,9.1,49.40815,11.13376,6.396166168496709,3,Langwasser,1.0,5,0,0,0,0,1,0,0,0,0,0,1,0,0
0,749000.0,2004.0,135.0,8.0,14.0,6.6,9.5,49.43287,11.12797,4.2793539298007595,3,Gleißhammer,5.0,4,0,0,0,1,1,1,0,0,1,0,1,0,0
0,239000.0,1959.0,67.43,1.0,24.0,8.8,9.7,49.44186,11.08505,1.2887556948839398,3,Galgenhof,3.0,6,0,0,0,0,1,1,0,0,0,0,0,0,0
1,494235.0,1927.0,78.45,7.0,10.0,6.2,8.0,49.40306,11.03293,6.305232071925194,4,Eibach,3.0,1,0,0,0,0,0,0,0,0,0,0,0,0,0
0,395000.0,1970.0,105.0,1.0,9.0,5.9,8.1,49.4576,11.13188,4.035137406290032,1,Mögeldorf,3.5,6,0,0,0,1,1,1,0,0,0,0,1,0,0
0,270000.0,1998.0,80.0,2.0,13.0,7.6,9.7,49.43929,11.07396,1.4381169948042094,4,Steinbühl,3.0,5,0,0,0,0,0,0,0,0,1,0,0,0,0
1,280000.0,1964.0,73.0,1.0,8.0,6.3,9.6,49.44267,11.12304,3.510327221993633,3,Zerzabelshof,3.0,3,0,0,0,0,0,0,0,0,0,0,0,0,0
0,190000.0,1960.0,51.44,1.0,15.0,8.2,9.7,49.45275,11.09419,1.2663396294096376,1,Wöhrd,2.0,6,1,0,0,1,1,0,0,0,0,0,1,0,0
0,368545.0,1971.0,83.12,3.0,14.0,8.6,9.6,49.46869,11.10224,2.6096488719043096,1,Schoppershof,3.0,4,1,0,0,1,1,0,0,0,1,0,1,0,0
0,175000.0,1972.0,64.0,3.0,6.0,7.6,9.6,49.43896,11.04878,2.491818130940929,4,St Leonhard,2.0,6,1,0,0,0,1,0,0,0,1,0,1,0,0
0,169000.0,1935.0,67.0,1.0,6.0,6.8,9.3,49.46008,11.04266,2.615535154498642,2,Seeleinsbühl,3.0,5,0,0,0,0,1,0,0,0,0,0,0,0,0
0,197500.0,1953.0,50.0,1.0,19.0,8.0,9.7,49.4587,11.09995,1.833793978860811,1,Gärten b Wöhrd,2.0,8,0,0,0,0,1,0,0,0,0,0,1,0,0
0,199000.0,1982.0,72.0,2.0,9.0,7.3,9.7,49.42749,11.07581,2.7372674442391345,4,Gibitzenhof,2.0,4,0,0,0,1,1,1,0,0,0,0,0,0,0
1,199000.0,2014.0,37.5,2.0,10.0,8.1,9.7,49.44398,11.09165,1.408294025223907,3,Glockenhof,1.0,3,1,0,0,1,1,0,0,0,0,0,1,0,0
0,349000.0,1971.0,77.1,2.0,17.0,4.5,8.8,49.41572,11.03733,4.946659671548466,4,Röthenbach b Schweinau,3.0,4,1,0,0,0,1,0,0,0,0,1,1,0,0
0,154500.0,2005.0,50.4,3.0,13.0,3.1,5.9,49.37517,11.06749,8.58014594930348,4,Weiherhaus,2.0,6,0,0,0,0,1,0,0,0,1,0,0,0,1
1,122000.0,2014.0,21.5,2.0,6.0,8.1,9.7,49.44398,11.09165,1.408294025223907,3,Glockenhof,1.0,3,1,0,0,1,1,0,0,0,0,0,0,0,0
0,696000.0,1920.0,122.0,1.0,12.0,9.1,9.7,49.46468,11.08784,1.614009123287336,1,Maxfeld,3.0,6,0,0,0,1,1,1,0,0,0,0,1,0,0
0,379000.0,1982.0,95.0,1.0,20.0,5.9,9.5,49.43287,11.12797,4.2793539298007595,3,Gleißhammer,3.0,5,0,0,0,0,1,0,0,0,1,0,1,0,1
0,449000.0,1971.0,91.0,3.0,11.0,5.7,8.9,49.4685,11.11889,3.552939363275519,1,Steinplatte,3.5,7,0,0,0,1,1,0,0,0,0,0,1,0,0
0,1750000.0,2003.0,244.0,2.0,18.0,6.6,9.5,49.45672,11.10538,2.1357710083079526,1,Veilhof,4.5,5,1,1,0,0,1,1,0,0,1,1,1,0,0
0,148000.0,1962.0,55.0,3.0,7.0,4.5,6.7,49.36832,11.08454,9.333175251108791,3,Herpersdorf,3.0,7,0,0,0,1,1,0,0,0,1,0,1,0,0
0,479000.0,1900.0,156.0,1.0,15.0,8.1,9.7,49.46231,11.09839,1.9356297017134596,1,Rennweg,4.0,5,0,1,0,0,1,1,0,0,0,1,1,0,0
0,495000.0,1980.0,166.0,3.0,14.0,7.5,9.7,49.43929,11.07396,1.4381169948042094,4,Steinbühl,6.0,6,0,0,0,0,0,0,0,0,0,0,0,0,0
0,249000.0,2023.0,47.0,1.0,16.0,8.9,9.7,49.46468,11.08784,1.614009123287336,1,Maxfeld,2.0,5,0,0,0,1,1,0,0,0,0,0,0,0,1
1,667200.0,2022.0,114.0,7.0,11.0,8.2,9.4,49.46008,11.04266,2.615535154498642,2,Seeleinsbühl,4.0,1,1,0,0,0,1,1,0,0,1,1,1,0,0
0,185000.0,1991.0,57.23,1.0,7.0,8.5,9.7,49.45044,11.05372,1.6713862397161467,4,Gostenhof,2.5,6,1,0,0,1,1,0,0,0,0,0,1,0,0
0,159000.0,1959.0,56.0,7.0,8.0,7.6,9.6,49.4587,11.09995,1.833793978860811,1,Gärten b Wöhrd,3.0,6,0,0,0,0,1,0,0,0,0,0,1,0,0
0,119000.0,1972.0,31.0,3.0,7.0,8.2,9.7,49.46231,11.09839,1.9356297017134596,1,Rennweg,1.0,5,1,0,0,1,0,0,0,0,0,0,0,0,0
0,170000.0,1957.0,48.0,1.0,10.0,8.3,9.7,49.46231,11.09839,1.9356297017134596,1,Rennweg,2.0,4,0,0,0,1,1,0,0,0,0,0,1,0,0
0,145000.0,1995.0,62.0,2.0,3.0,5.4,9.0,49.41572,11.03733,4.946659671548466,4,Röthenbach b Schweinau,2.0,4,1,0,0,0,0,0,0,0,1,0,1,0,0
0,159000.0,1964.0,45.0,7.0,6.0,8.0,9.6,49.4587,11.09995,1.833793978860811,1,Gärten b Wöhrd,2.0,6,0,0,0,1,1,0,0,0,0,0,0,0,0
0,277000.0,1960.0,88.49,2.0,12.0,5.8,9.6,49.45462,11.06431,0.9384139980162443,2,Kleinweidenmühle,3.0,5,1,0,0,1,0,0,0,0,0,1,1,0,0
0,388000.0,1996.0,99.0,1.0,24.0,8.7,9.7,49.46145,11.06072,1.5540259940496581,2,St Johannis,4.0,5,0,0,0,1,1,0,0,0,0,1,1,0,0
0,179000.0,1950.0,47.45,2.0,4.0,8.2,9.7,49.46231,11.09839,1.9356297017134596,1,Rennweg,2.0,4,0,0,0,0,1,0,0,0,0,0,0,0,0
0,195000.0,1970.0,60.0,2.0,11.0,5.7,9.0,49.42333,11.02481,4.930702243085639,4,Neuröthenbach,2.0,4,1,0,0,0,1,1,0,0,1,0,1,0,0
1,575400.0,2016.0,137.0,1.0,13.0,6.3,9.7,49.44504,11.10302,2.058294686868276,3,St Peter,4.0,3,0,0,0,1,0,0,0,0,0,0,0,0,0
0,235000.0,1953.0,46.0,1.0,22.0,8.0,9.7,49.4587,11.09995,1.833793978860811,1,Gärten b Wöhrd,3.0,8,0,0,0,0,1,0,0,0,0,0,1,0,0
0,249900.0,1968.0,83.0,2.0,13.0,4.5,8.8,49.41572,11.03733,4.946659671548466,4,Röthenbach b Schweinau,4.0,4,1,0,0,0,0,0,0,0,1,1,0,0,0
0,339000.0,1991.0,72.0,1.0,8.0,4.6,8.1,49.47441,11.13785,5.067966957126576,1,Erlenstegen,3.0,5,1,0,0,0,1,1,0,0,1,1,1,0,0
0,199000.0,1989.0,65.0,1.0,10.0,7.9,9.7,49.42828,11.04444,3.5293151524875523,4,Schweinau,2.0,6,0,0,0,0,1,0,0,0,1,0,1,0,0
0,430000.0,1970.0,110.0,10.0,30.0,4.6,8.0,49.40815,11.13376,6.396166168496709,3,Langwasser,3.0,4,0,1,1,1,1,0,0,0,1,1,1,0,0
0,249000.0,1982.0,84.0,1.0,10.0,7.4,8.5,49.4576,11.13188,4.035137406290032,1,Mögeldorf,3.0,5,1,0,0,1,1,0,0,0,1,0,1,0,0
0,855000.0,1953.0,163.0,1.0,17.0,8.6,9.6,49.46293,11.07721,1.2048067566337808,1,Gärten h d Veste,5.5,4,1,0,0,1,1,1,0,0,1,1,1,0,1
0,460000.0,2007.0,89.0,1.0,11.0,5.0,8.9,49.42039,11.05991,3.7291591591033293,4,Werderau,3.0,4,0,0,0,1,0,0,0,0,1,0,1,0,0
0,264000.0,1939.0,68.0,1.0,7.0,5.7,9.6,49.45187,11.10538,2.073327662848834,3,Tullnau,3.0,6,0,0,0,0,1,0,0,0,0,0,1,0,0
0,379000.0,1959.0,106.0,2.0,47.0,7.9,9.7,49.43972,11.08698,1.564401679049105,3,Lichtenhof,5.0,5,1,0,0,1,1,0,0,0,0,0,1,0,0
0,529000.0,1901.0,113.0,1.0,10.0,8.4,9.6,49.46145,11.06072,1.5540259940496581,2,St Johannis,3.0,5,0,0,0,1,1,0,0,0,0,1,1,0,0
0,195000.0,1907.0,57.0,1.0,12.0,6.3,9.7,49.44504,11.10302,2.058294686868276,3,St Peter,3.0,7,0,0,0,0,1,0,0,0,0,0,0,1,0
0,339000.0,1904.0,80.0,1.0,9.0,5.9,7.4,49.46879,11.16706,6.789231555040641,1,Laufamholz,4.0,6,0,0,0,1,0,0,0,0,0,0,0,0,0
0,299000.0,1985.0,85.0,2.0,12.0,8.8,9.7,49.42333,11.02481,4.930702243085639,4,Neuröthenbach,3.0,4,0,0,0,0,1,0,0,0,1,0,0,0,0
0,119000.0,1972.0,31.0,3.0,7.0,8.2,9.7,49.46231,11.09839,1.9356297017134596,1,Rennweg,1.0,5,1,0,0,1,0,0,0,0,0,0,0,0,0
0,660000.0,1982.0,136.0,1.0,21.0,5.6,9.4,49.46221,11.12067,3.3710608981827215,1,St Jobst,5.0,4,1,0,0,1,1,0,0,0,1,1,1,0,1
1,185000.0,1900.0,54.34,1.0,11.0,8.4,9.6,49.46145,11.06072,1.5540259940496581,2,St Johannis,3.0,3,0,0,0,0,1,0,0,0,0,0,0,0,0
1,355000.0,2020.0,53.0,9.0,13.0,7.4,9.5,49.43896,11.04878,2.491818130940929,4,St Leonhard,2.0,2,1,0,0,1,1,0,0,0,1,0,1,0,1
0,495000.0,1982.0,107.0,1.0,20.0,8.5,9.7,49.46293,11.07721,1.2048067566337808,1,Gärten h d Veste,5.5,5,1,0,0,0,1,1,1,0,1,0,1,0,0
0,445000.0,1959.0,98.0,1.0,12.0,5.6,6.6,49.36832,11.08454,9.333175251108791,3,Herpersdorf,4.0,8,0,0,0,0,0,0,0,0,0,0,0,0,0
0,185000.0,1967.0,59.0,2.0,11.0,6.0,8.8,49.40815,11.13376,6.396166168496709,3,Langwasser,2.0,6,1,0,0,1,1,1,0,0,1,0,1,0,0
0,198000.0,1963.0,61.75,1.0,9.0,9.0,9.7,49.4587,11.09995,1.833793978860811,1,Gärten b Wöhrd,2.0,6,0,0,0,0,0,0,0,0,0,0,0,0,0
1,229000.0,1958.0,56.58,8.0,6.0,6.8,9.0,49.47441,11.13785,5.067966957126576,1,Erlenstegen,2.0,3,0,0,0,0,1,0,0,0,0,0,1,0,0
0,155000.0,1900.0,62.4,1.0,12.0,5.3,9.6,49.4344,11.05972,2.3196388415074902,4,Sandreuth,2.0,4,0,0,0,0,1,1,0,0,0,0,1,0,0
0,139000.0,1954.0,45.0,1.0,5.0,7.4,9.7,49.43929,11.07396,1.4381169948042094,4,Steinbühl,2.0,5,0,0,0,0,1,0,0,0,0,0,0,0,0
1,164750.0,1961.0,31.0,8.0,9.0,8.7,9.7,49.44398,11.09165,1.408294025223907,3,Glockenhof,1.0,3,0,0,0,1,1,0,0,0,0,0,0,0,0
0,200000.0,1971.0,60.0,3.0,11.0,4.5,8.8,49.41572,11.03733,4.946659671548466,4,Röthenbach b Schweinau,2.0,6,0,0,0,0,1,0,0,0,0,0,1,0,0
0,179000.0,1972.0,72.0,3.0,10.0,6.0,9.3,49.40815,11.13376,6.396166168496709,3,Langwasser,3.0,4,0,0,0,0,0,0,0,0,0,1,1,0,0
0,255000.0,1980.0,61.5,2.0,11.0,6.5,9.7,49.42749,11.07581,2.7372674442391345,4,Gibitzenhof,2.0,5,0,0,0,0,1,0,0,0,1,0,0,0,0
0,249000.0,1997.0,60.0,1.0,7.0,5.7,7.5,49.46879,11.16706,6.789231555040641,1,Laufamholz,2.0,4,0,0,0,1,1,0,0,0,1,0,1,0,0
1,359000.0,1980.0,96.0,1.0,33.0,5.9,9.4,49.43638,11.02739,3.9704750035340526,4,Großreuth b Schweinau,3.0,1,1,0,0,1,1,1,0,0,1,1,1,0,1
0,230000.0,1957.0,74.0,1.0,17.0,7.2,9.3,49.46008,11.04266,2.615535154498642,2,Seeleinsbühl,3.0,8,1,0,0,0,1,0,0,0,0,0,1,0,0
0,525000.0,1950.0,121.0,1.0,33.0,5.9,9.5,49.43287,11.12797,4.2793539298007595,3,Gleißhammer,4.0,5,1,0,0,1,1,0,0,0,1,1,1,0,0
0,298000.0,1992.0,93.0,1.0,11.0,4.8,8.7,49.38101,11.04008,8.33691604604628,4,Reichelsdorf,2.5,5,0,0,0,1,1,0,0,0,0,1,1,0,1
0,498000.0,1948.0,114.03,1.0,23.0,7.3,9.6,49.43287,11.12797,4.2793539298007595,3,Gleißhammer,2.5,6,1,0,0,1,1,0,0,0,0,0,1,0,0
0,696000.0,1920.0,122.0,1.0,12.0,9.1,9.7,49.46468,11.08784,1.614009123287336,1,Maxfeld,4.0,6,0,0,0,1,1,0,0,0,0,0,1,0,0
1,595000.0,2023.0,91.58,1.0,5.0,7.1,9.5,49.4576,11.13188,4.035137406290032,1,Mögeldorf,3.0,3,0,0,0,0,0,0,0,0,0,0,1,0,0
1,840000.0,1983.0,190.0,1.0,41.0,7.1,9.5,49.4576,11.13188,4.035137406290032,1,Mögeldorf,8.0,3,0,0,0,1,1,0,0,0,0,1,1,1,0
1,499900.0,2024.0,81.37,4.0,4.0,3.6,7.0,49.38101,11.04008,8.33691604604628,4,Reichelsdorf,3.0,1,1,0,0,0,1,1,0,0,1,0,1,0,0
0,300000.0,1991.0,88.41,1.0,8.0,4.9,9.2,49.43638,11.02739,3.9704750035340526,4,Großreuth b Schweinau,3.0,4,1,0,0,0,1,0,0,0,1,1,1,0,0
0,186000.0,1995.0,85.0,2.0,9.0,5.4,9.0,49.41572,11.03733,4.946659671548466,4,Röthenbach b Schweinau,3.0,4,1,0,0,0,0,0,0,0,1,0,1,0,0
1,794650.0,2023.0,120.0,5.0,54.0,5.2,7.0,49.40941,11.1686,8.167148674699229,3,Altenfurt,4.0,1,1,0,0,0,1,0,1,0,1,1,1,0,0
0,235000.0,1953.0,46.0,1.0,22.0,8.0,9.7,49.4587,11.09995,1.833793978860811,1,Gärten b Wöhrd,3.0,8,0,0,0,0,1,0,0,0,0,0,1,0,0
0,199000.0,1950.0,68.0,1.0,9.0,7.7,9.6,49.43896,11.04878,2.491818130940929,4,St Leonhard,3.0,5,0,0,0,1,1,1,0,0,0,0,0,0,0
0,159000.0,1905.0,51.68,1.0,15.0,8.9,9.7,49.43929,11.07396,1.4381169948042094,4,Steinbühl,2.0,6,0,0,0,0,1,0,0,0,0,0,0,0,0
1,670000.0,2019.0,97.5,2.0,19.0,8.6,9.7,49.4587,11.09995,1.833793978860811,1,Gärten b Wöhrd,4.0,2,1,0,0,1,1,1,0,0,1,0,1,0,0
0,315000.0,1994.0,71.0,1.0,16.0,4.4,9.3,49.47379,11.08631,2.5098274557269242,1,Großreuth h d Veste,3.0,6,0,0,0,1,1,1,0,0,0,0,1,0,0
0,289000.0,1965.0,72.0,1.0,9.0,7.5,9.6,49.46869,11.10224,2.6096488719043096,1,Schoppershof,3.0,5,0,0,0,1,1,1,0,0,0,0,1,0,0
1,490000.0,2011.0,107.0,2.0,16.0,6.1,9.6,49.43317,11.08908,2.2873256777207516,3,Hummelstein,3.0,3,1,0,0,0,1,1,0,0,1,1,1,0,0
0,295000.0,1990.0,78.0,1.0,8.0,8.5,9.6,49.47658,11.11028,3.6467456184431044,1,Klingenhof,3.0,5,1,0,0,0,1,0,0,0,1,0,1,0,0
0,329000.0,1920.0,106.0,1.0,13.0,7.7,9.6,49.44267,11.12304,3.510327221993633,3,Zerzabelshof,4.0,6,0,0,0,1,1,0,0,0,0,0,1,0,0
0,155000.0,1993.0,54.0,2.0,11.0,7.3,9.3,49.46166,11.03136,3.445230610517414,2,Muggenhof,2.0,5,1,0,0,1,1,1,0,0,0,0,0,0,0
0,179000.0,1995.0,50.99,1.0,13.0,3.2,7.1,49.35706,11.0983,10.682922863880053,3,Kornburg,2.0,5,0,0,0,1,1,0,0,0,0,1,1,0,0
0,238000.0,1981.0,69.0,1.0,8.0,4.7,9.5,49.4576,11.13188,4.035137406290032,1,Mögeldorf,3.0,5,0,0,0,0,0,0,0,0,0,0,1,0,0
0,237000.0,1910.0,60.0,1.0,17.0,8.9,9.3,49.46008,11.04266,2.615535154498642,2,Seeleinsbühl,2.0,7,0,0,0,0,1,0,0,0,0,0,1,0,0
0,179000.0,1934.0,60.0,1.0,13.0,7.7,9.6,49.44267,11.12304,3.510327221993633,3,Zerzabelshof,3.0,5,0,0,0,0,1,0,0,0,0,0,0,0,0
0,125000.0,1992.0,35.0,1.0,6.0,6.9,9.5,49.47379,11.08631,2.5098274557269242,1,Großreuth h d Veste,1.0,7,1,0,0,0,1,0,0,0,1,0,1,0,0
0,274000.0,1910.0,80.0,1.0,21.0,8.9,9.3,49.46008,11.04266,2.615535154498642,2,Seeleinsbühl,3.0,7,0,0,0,1,1,0,0,0,0,0,1,0,0
1,895000.0,2012.0,171.0,8.0,17.0,7.8,9.7,49.44398,11.09165,1.408294025223907,3,Glockenhof,5.0,3,0,0,0,1,0,0,0,0,1,1,1,0,0
0,499000.0,1968.0,119.0,3.0,15.0,4.2,9.7,49.43287,11.12797,4.2793539298007595,3,Gleißhammer,5.0,6,0,0,0,1,1,1,0,0,0,1,1,0,0
0,319000.0,1987.0,66.0,1.0,9.0,8.0,9.6,49.4587,11.09995,1.833793978860811,1,Gärten b Wöhrd,2.0,5,1,0,0,1,1,0,0,0,0,0,0,0,0
0,290000.0,2004.0,72.51,1.0,9.0,7.1,9.5,49.4576,11.13188,4.035137406290032,1,Mögeldorf,2.0,4,1,0,0,1,1,0,0,0,0,1,1,0,0
0,249000.0,1910.0,101.0,1.0,9.0,7.6,9.6,49.43896,11.04878,2.491818130940929,4,St Leonhard,4.0,7,0,0,0,0,0,0,0,0,0,0,0,0,0
0,209000.0,1950.0,72.0,1.0,5.0,8.2,9.7,49.46231,11.09839,1.9356297017134596,1,Rennweg,2.0,5,0,0,0,0,1,0,0,0,0,0,0,0,0
0,278000.0,1989.0,66.4,1.0,19.0,6.6,7.2,49.42128,11.19145,8.977303452529842,3,Fischbach,2.0,5,0,0,0,1,1,0,0,0,0,0,1,0,0
0,465000.0,1986.0,106.0,2.0,15.0,8.2,9.7,49.45136,11.06303,0.9915783203453478,4,Rosenau,3.0,5,1,0,0,0,0,0,0,0,0,0,1,0,0
0,128000.0,1949.0,59.73,1.0,4.0,3.7,7.1,49.41416,11.10365,4.647133359225568,3,Zollhaus,3.0,6,0,0,0,0,1,0,0,0,0,0,0,0,0
0,219000.0,1998.0,51.0,1.0,15.0,5.1,8.2,49.40306,11.03293,6.305232071925194,4,Eibach,2.0,5,0,0,0,0,1,0,0,0,1,0,1,0,0
1,410000.0,2016.0,90.65,8.0,13.0,2.6,6.9,49.38007,11.02342,8.888491817228322,4,Mühlhof,3.0,1,1,0,0,0,0,0,0,0,1,0,0,0,0
0,103000.0,1996.0,25.56,2.0,12.0,7.7,9.6,49.44267,11.12304,3.510327221993633,3,Zerzabelshof,1.0,4,1,0,0,0,1,0,0,0,0,0,0,0,0
0,269000.0,1990.0,62.0,1.0,15.0,5.2,8.5,49.47211,11.03073,3.9985559744336583,2,Schniegling,2.5,4,1,0,0,1,1,0,0,0,1,0,0,0,0
0,129000.0,1993.0,42.87,1.0,11.0,4.9,9.0,49.42333,11.02481,4.930702243085639,4,Neuröthenbach,1.0,4,1,0,0,1,1,0,0,0,1,0,1,0,0
0,187000.0,1967.0,77.57,10.0,12.0,4.1,9.2,49.41476,11.11488,4.986186977513444,3,Neuselsbrunn,3.0,6,1,0,0,0,1,0,0,0,0,0,1,0,0
0,324000.0,1981.0,82.0,2.0,15.0,6.0,9.3,49.40815,11.13376,6.396166168496709,3,Langwasser,3.0,5,1,0,0,0,1,0,0,0,1,0,1,0,0
0,330000.0,1920.0,83.0,2.0,13.0,6.9,9.7,49.44887,11.08851,0.9261995040228098,3,Gleißbühl,3.0,6,1,0,0,0,1,0,0,0,1,0,0,0,0
1,330000.0,1978.0,85.0,2.0,10.0,7.8,9.6,49.42333,11.02481,4.930702243085639,4,Neuröthenbach,3.0,3,0,0,0,1,1,0,0,0,0,0,1,0,0
1,339000.0,2018.0,45.0,1.0,5.0,3.4,7.6,49.34839,11.06059,11.590814584867994,4,Katzwang,2.0,1,1,0,0,0,1,0,0,0,1,0,1,0,0
0,255000.0,1906.0,83.0,1.0,10.0,8.9,9.7,49.43972,11.08698,1.564401679049105,3,Lichtenhof,3.0,6,0,0,0,0,1,0,0,0,0,0,1,0,0
0,320000.0,1981.0,86.0,1.0,6.0,2.6,7.9,49.47383,11.04511,3.3242287840057374,2,Wetzendorf,3.0,5,1,0,0,1,1,0,0,0,1,1,1,0,0
0,120000.0,1915.0,35.0,1.0,15.0,6.0,9.5,49.42749,11.07581,2.7372674442391345,4,Gibitzenhof,2.0,4,0,0,0,0,0,0,0,0,0,0,0,0,0
0,122000.0,1985.0,33.0,1.0,15.0,7.4,9.6,49.46869,11.10224,2.6096488719043096,1,Schoppershof,1.0,5,1,0,0,1,1,0,0,0,0,0,0,0,0
0,124000.0,1905.0,28.0,1.0,10.0,7.5,9.7,49.43929,11.07396,1.4381169948042094,4,Steinbühl,1.0,6,0,0,0,1,1,0,0,0,0,0,0,0,0
0,253000.0,1977.0,80.5,2.0,8.0,8.5,9.5,49.46008,11.04266,2.615535154498642,2,Seeleinsbühl,3.0,4,1,0,0,0,1,0,0,0,1,1,1,0,0
0,295000.0,1955.0,89.0,1.0,12.0,8.0,9.7,49.46231,11.09839,1.9356297017134596,1,Rennweg,4.0,4,0,0,0,0,1,0,0,0,1,0,1,0,0
1,495000.0,2018.0,103.98,4.0,16.0,4.5,7.9,49.38101,11.04008,8.33691604604628,4,Reichelsdorf,4.0,1,0,0,0,0,1,0,0,0,1,1,1,0,1
0,235000.0,1953.0,50.0,1.0,19.0,8.0,9.7,49.4587,11.09995,1.833793978860811,1,Gärten b Wöhrd,2.0,8,0,0,0,0,1,0,0,0,0,0,1,0,0
0,385000.0,1973.0,79.0,1.0,11.0,6.7,9.6,49.46468,11.08784,1.614009123287336,1,Maxfeld,2.0,6,0,0,0,0,0,0,0,0,0,0,0,0,0
1,429000.0,2017.0,70.0,8.0,12.0,4.4,9.4,49.4576,11.13188,4.035137406290032,1,Mögeldorf,2.5,2,1,0,0,1,1,1,0,0,1,0,1,0,0
0,189000.0,1914.0,52.0,3.0,14.0,7.9,9.6,49.43964,11.09467,1.8993064800798953,3,Bleiweiß,2.0,5,1,0,0,0,0,0,0,0,0,0,1,0,0
0,250000.0,1960.0,75.0,2.0,19.0,9.0,9.7,49.4587,11.09995,1.833793978860811,1,Gärten b Wöhrd,3.0,4,1,0,0,1,1,0,0,0,1,0,0,0,0
0,249000.0,1950.0,79.0,1.0,16.0,8.0,9.7,49.44398,11.09165,1.408294025223907,3,Glockenhof,2.5,5,0,0,0,0,1,0,0,0,0,0,0,0,0
0,104000.0,1910.0,26.0,1.0,17.0,8.5,9.6,49.46145,11.06072,1.5540259940496581,2,St Johannis,1.0,6,0,0,0,0,1,0,0,0,0,0,0,0,0
0,229000.0,1938.0,57.0,1.0,14.0,6.9,9.6,49.43188,11.07654,2.248394282048917,4,Rabus,3.0,7,0,0,0,1,1,0,0,0,0,0,1,0,0
0,245000.0,1910.0,60.0,1.0,10.0,8.0,9.2,49.46166,11.03136,3.445230610517414,2,Muggenhof,2.0,5,0,0,0,0,1,1,0,0,0,0,1,0,0
0,622500.0,1905.0,147.0,1.0,8.0,6.3,9.6,49.43287,11.12797,4.2793539298007595,3,Gleißhammer,5.0,7,0,0,0,0,1,0,0,0,1,0,1,0,0
0,305000.0,1911.0,93.0,1.0,13.0,6.3,9.7,49.44504,11.10302,2.058294686868276,3,St Peter,4.0,5,0,0,0,0,1,0,0,0,0,0,1,0,0
0,211000.0,1973.0,75.0,3.0,7.0,6.6,9.6,49.43929,11.07396,1.4381169948042094,4,Steinbühl,3.0,6,0,0,0,0,1,0,0,0,0,0,1,0,0
0,285000.0,1978.0,80.57,1.0,14.0,6.6,9.1,49.47383,11.04511,3.3242287840057374,2,Wetzendorf,3.0,6,1,0,0,1,1,1,0,0,1,1,1,0,0
0,330000.0,2009.0,59.52,1.0,9.0,7.1,9.5,49.4576,11.13188,4.035137406290032,1,Mögeldorf,2.0,4,1,0,0,1,0,0,0,1,0,0,1,0,0
0,159000.0,1962.0,53.0,1.0,9.0,8.0,9.7,49.44398,11.09165,1.408294025223907,3,Glockenhof,2.0,7,0,0,0,1,1,0,0,0,0,0,0,0,0
0,485500.0,1957.0,120.0,1.0,12.0,7.5,9.7,49.46293,11.07721,1.2048067566337808,1,Gärten h d Veste,5.0,7,0,0,0,1,1,1,0,0,0,0,1,0,0
1,495000.0,2014.0,95.41,2.0,13.0,7.8,9.5,49.47379,11.08631,2.5098274557269242,1,Großreuth h d Veste,4.0,2,1,0,0,1,1,0,1,0,1,1,1,0,0
0,235000.0,1953.0,46.0,1.0,20.0,8.0,9.7,49.4587,11.09995,1.833793978860811,1,Gärten b Wöhrd,3.0,8,0,0,0,0,1,0,0,0,0,0,1,0,0
0,649000.0,1966.0,136.3,1.0,44.0,6.4,9.1,49.4772,11.06313,2.9582726757265996,2,Thon,4.0,6,0,0,0,1,1,0,0,0,1,0,1,0,0
0,275000.0,1986.0,77.0,1.0,6.0,5.9,9.0,49.4772,11.06313,2.9582726757265996,2,Thon,2.0,5,1,0,0,0,1,0,0,0,1,0,1,0,1
0,215000.0,1960.0,55.0,1.0,16.0,2.1,7.8,49.42957,11.00723,5.612963490852003,4,Gebersdorf,2.5,4,0,0,0,1,0,1,0,0,0,0,1,0,0
0,169000.0,1910.0,65.36,1.0,10.0,7.4,9.7,49.43929,11.07396,1.4381169948042094,4,Steinbühl,3.0,7,0,0,0,1,1,0,0,0,0,0,0,0,0
0,349000.0,1965.0,50.0,3.0,25.0,5.0,8.7,49.47441,11.13785,5.067966957126576,1,Erlenstegen,2.0,5,1,0,0,1,1,1,0,0,1,0,1,0,1
1,169000.0,1993.0,44.0,1.0,12.0,8.6,9.7,49.43929,11.07396,1.4381169948042094,4,Steinbühl,1.5,3,1,0,0,1,1,1,0,0,0,0,0,0,0
0,499000.0,1960.0,81.0,1.0,16.0,8.0,9.7,49.46231,11.09839,1.9356297017134596,1,Rennweg,3.0,8,0,0,0,1,0,0,0,0,0,0,0,0,0
0,245000.0,1912.0,74.0,1.0,31.0,7.3,9.6,49.43287,11.12797,4.2793539298007595,3,Gleißhammer,3.0,6,0,0,0,1,1,1,0,0,1,0,1,1,1
0,258000.0,1971.0,70.73,2.0,12.0,5.7,7.5,49.40815,11.13376,6.396166168496709,3,Langwasser,3.0,5,1,0,0,0,1,1,0,0,0,0,1,0,0
1,235000.0,1989.0,53.0,2.0,13.0,5.8,9.5,49.44673,11.11364,2.7363398346084034,3,Weichselgarten,2.0,2,1,0,0,0,1,0,0,0,0,0,1,0,0
0,499000.0,1968.0,119.0,3.0,16.0,4.2,9.7,49.43287,11.12797,4.2793539298007595,3,Gleißhammer,4.0,6,0,0,0,1,1,1,0,0,0,1,1,0,0
0,319000.0,1985.0,105.0,1.0,8.0,3.3,8.1,49.35706,11.0983,10.682922863880053,3,Kornburg,4.0,5,0,0,0,1,1,0,0,0,1,1,1,0,0
0,220000.0,1950.0,62.0,1.0,20.0,8.6,9.7,49.46293,11.07721,1.2048067566337808,1,Gärten h d Veste,2.0,6,0,0,0,0,1,0,0,0,0,0,1,0,0
0,350000.0,1960.0,135.0,3.0,14.0,7.5,9.7,49.43929,11.07396,1.4381169948042094,4,Steinbühl,6.0,6,1,0,0,0,0,0,0,0,0,0,0,0,0
0,440000.0,1990.0,100.0,1.0,26.0,8.6,9.7,49.46293,11.07721,1.2048067566337808,1,Gärten h d Veste,2.0,4,1,0,0,0,1,0,0,0,0,0,1,0,0
0,285000.0,1970.0,70.0,2.0,16.0,5.4,8.7,49.49294,11.08494,4.580070955194257,1,Marienberg,3.0,6,1,0,0,0,1,0,0,0,0,1,1,0,0
0,399000.0,1970.0,90.0,1.0,12.0,6.1,9.4,49.47379,11.08631,2.5098274557269242,1,Großreuth h d Veste,4.0,5,0,0,0,0,1,1,0,0,1,1,1,0,0
0,350000.0,1970.0,110.0,2.0,35.0,6.0,9.0,49.42333,11.02481,4.930702243085639,4,Neuröthenbach,4.0,5,0,0,0,0,1,0,0,0,1,1,0,0,0
0,299800.0,1968.0,83.5,2.0,11.0,6.4,8.5,49.40815,11.13376,6.396166168496709,3,Langwasser,3.0,5,0,0,0,0,0,0,0,0,0,0,0,0,0
0,520000.0,2006.0,124.0,1.0,20.0,4.9,9.2,49.43638,11.02739,3.9704750035340526,4,Großreuth b Schweinau,4.0,4,1,0,0,1,1,0,0,0,1,1,0,0,0
1,698820.0,2022.0,114.0,7.0,11.0,8.2,9.4,49.46008,11.04266,2.615535154498642,2,Seeleinsbühl,4.0,1,1,0,0,0,1,1,0,0,1,1,1,0,0
0,275000.0,1993.0,90.0,1.0,11.0,4.6,7.7,49.38101,11.04008,8.33691604604628,4,Reichelsdorf,3.0,4,0,0,0,1,1,1,0,0,1,0,1,0,0
0,395000.0,2003.0,90.71,1.0,20.0,6.9,9.7,49.43317,11.08908,2.2873256777207516,3,Hummelstein,3.0,5,1,0,0,1,1,0,0,0,1,1,1,0,1
0,223000.0,1951.0,76.35,15.0,7.0,7.5,9.7,49.43929,11.07396,1.4381169948042094,4,Steinbühl,3.0,5,0,0,0,0,0,0,0,0,0,0,0,0,0
1,179000.0,2020.0,30.5,2.0,9.0,8.8,9.4,49.46166,11.03136,3.445230610517414,2,Muggenhof,1.0,2,1,0,0,1,1,0,0,0,0,0,0,0,1
0,119000.0,1999.0,40.2,2.0,8.0,6.1,9.3,49.46221,11.12067,3.3710608981827215,1,St Jobst,1.0,4,0,0,0,0,0,0,0,0,0,0,1,0,0
0,169000.0,1961.0,55.0,1.0,14.0,6.8,9.7,49.43929,11.07396,1.4381169948042094,4,Steinbühl,2.0,5,0,0,0,1,1,0,0,0,0,0,1,0,0
1,118000.0,2014.0,20.5,2.0,6.0,8.1,9.7,49.44398,11.09165,1.408294025223907,3,Glockenhof,1.0,3,1,0,0,1,1,0,0,0,0,0,0,0,0
0,259000.0,1967.0,77.0,2.0,27.0,4.3,9.0,49.41476,11.11488,4.986186977513444,3,Neuselsbrunn,3.0,5,0,0,0,0,1,0,0,0,1,0,1,0,0
1,189000.0,2014.0,37.54,2.0,9.0,8.1,9.7,49.44398,11.09165,1.408294025223907,3,Glockenhof,1.0,3,1,0,0,1,1,0,0,0,0,0,1,0,0
0,177500.0,1974.0,60.0,2.0,14.0,7.0,9.6,49.42828,11.04444,3.5293151524875523,4,Schweinau,2.0,5,1,0,0,1,1,1,0,0,0,0,1,0,0
0,479000.0,2000.0,132.0,1.0,31.0,4.4,8.2,49.34839,11.06059,11.590814584867994,4,Katzwang,4.0,4,0,0,0,1,0,0,0,0,0,0,1,0,0
0,98000.0,1900.0,34.0,1.0,1.0,8.3,9.6,49.46145,11.06072,1.5540259940496581,2,St Johannis,2.0,5,0,0,0,0,1,0,0,0,0,0,0,0,0
0,239000.0,1958.0,66.0,8.0,7.0,8.1,9.7,49.4587,11.09995,1.833793978860811,1,Gärten b Wöhrd,2.0,4,0,0,0,0,1,0,0,0,0,0,1,0,0
0,99000.0,1973.0,37.55,3.0,12.0,6.1,9.7,49.44504,11.10302,2.058294686868276,3,St Peter,1.0,5,1,0,0,1,1,0,0,0,1,0,0,0,0
0,495000.0,1971.0,108.0,1.0,26.0,7.8,9.7,49.45601,11.08013,0.5004970884120207,1,Sebald,3.5,6,1,0,0,0,1,0,0,0,1,1,1,0,0
1,665000.0,2025.0,88.88,2.0,11.0,8.0,9.6,49.4587,11.09995,1.833793978860811,1,Gärten b Wöhrd,4.0,2,1,0,0,0,1,0,0,0,1,0,1,0,0
0,212000.0,1910.0,50.0,1.0,16.0,8.4,9.6,49.46145,11.06072,1.5540259940496581,2,St Johannis,1.0,6,0,0,0,1,1,0,0,0,0,0,1,0,0
0,295000.0,1978.0,72.0,2.0,15.0,8.6,9.7,49.45601,11.08013,0.5004970884120207,1,Sebald,2.5,4,1,0,0,1,1,0,0,0,1,0,0,0,0
0,247000.0,1957.0,54.0,1.0,9.0,7.5,9.7,49.46293,11.07721,1.2048067566337808,1,Gärten h d Veste,2.0,7,0,0,0,1,1,1,0,0,0,0,1,0,0
0,279000.0,1960.0,58.0,1.0,13.0,7.7,9.7,49.46468,11.08784,1.614009123287336,1,Maxfeld,3.0,8,0,0,0,0,1,0,0,0,0,0,1,0,0
0,129000.0,1960.0,32.0,3.0,15.0,6.2,9.7,49.44504,11.10302,2.058294686868276,3,St Peter,1.0,6,0,0,0,0,1,0,0,0,0,0,0,0,0
1,398000.0,2000.0,87.0,2.0,9.0,6.7,9.3,49.46221,11.12067,3.3710608981827215,1,St Jobst,3.0,3,1,0,0,0,1,1,0,0,1,0,1,0,0
0,125000.0,1992.0,35.0,1.0,6.0,6.9,9.5,49.47379,11.08631,2.5098274557269242,1,Großreuth h d Veste,1.0,7,1,0,0,0,1,0,0,0,1,0,1,0,0
0,124000.0,1994.0,26.0,1.0,7.0,6.7,9.3,49.47379,11.08631,2.5098274557269242,1,Großreuth h d Veste,1.0,6,1,0,0,1,0,0,0,0,1,0,1,0,0
0,130000.0,1950.0,55.0,4.0,10.0,6.6,9.7,49.44504,11.10302,2.058294686868276,3,St Peter,2.0,6,0,0,0,1,1,0,0,0,0,0,1,0,0
0,239000.0,1970.0,77.03,2.0,14.0,7.5,8.8,49.40815,11.13376,6.396166168496709,3,Langwasser,3.0,5,1,0,0,0,1,0,1,0,0,0,1,0,0
0,179000.0,1958.0,63.0,1.0,21.0,8.5,9.7,49.45044,11.05372,1.6713862397161467,4,Gostenhof,3.0,4,0,0,0,0,0,0,0,0,0,0,0,0,0
0,259000.0,1909.0,79.0,1.0,5.0,6.8,9.7,49.42828,11.04444,3.5293151524875523,4,Schweinau,3.0,5,0,0,0,0,0,0,0,0,0,0,0,0,0
0,499000.0,2001.0,104.0,1.0,29.0,6.5,9.1,49.47642,11.10244,3.2822741747569886,1,Herrnhütte,4.0,5,1,0,0,1,1,1,0,0,1,0,1,0,0
0,329000.0,1920.0,88.3,1.0,47.0,7.7,9.7,49.43929,11.07396,1.4381169948042094,4,Steinbühl,3.0,6,0,0,0,1,1,0,0,0,0,1,0,0,0
0,257000.0,1910.0,82.0,2.0,5.0,8.5,9.6,49.46293,11.07721,1.2048067566337808,1,Gärten h d Veste,3.0,4,0,0,0,0,0,0,0,0,0,0,1,0,0
0,169000.0,1991.0,57.23,1.0,11.0,8.0,9.7,49.45044,11.05372,1.6713862397161467,4,Gostenhof,2.0,6,1,0,0,1,1,1,0,0,0,0,1,0,0
0,550000.0,1957.0,110.0,1.0,28.0,7.5,9.7,49.45601,11.08013,0.5004970884120207,1,Sebald,4.0,4,0,0,0,1,1,1,0,0,0,0,1,0,0
1,219900.0,1954.0,64.0,1.0,7.0,6.4,9.7,49.42749,11.07581,2.7372674442391345,4,Gibitzenhof,2.0,3,0,0,0,0,1,0,0,0,0,0,1,0,0
0,238000.0,1951.0,75.0,1.0,6.0,5.6,8.5,49.43287,11.12797,4.2793539298007595,3,Gleißhammer,2.0,6,0,0,0,0,1,0,0,0,0,1,1,0,0
1,347000.0,2023.0,52.94,6.0,15.0,4.9,8.4,49.38101,11.04008,8.33691604604628,4,Reichelsdorf,2.0,3,1,0,0,0,1,1,0,0,1,0,1,0,1
0,295000.0,1968.0,55.0,2.0,21.0,8.4,9.6,49.46145,11.06072,1.5540259940496581,2,St Johannis,2.0,6,1,0,0,1,1,0,0,0,0,0,1,0,0
0,298000.0,1966.0,77.0,3.0,11.0,5.7,9.5,49.45187,11.10538,2.073327662848834,3,Tullnau,3.0,4,0,0,0,0,0,0,0,0,0,0,1,0,0
1,237000.0,1953.0,55.0,1.0,29.0,5.3,9.0,49.45672,11.10538,2.1357710083079526,1,Veilhof,2.0,3,0,0,0,0,1,0,0,0,1,0,1,0,0
0,539000.0,1994.0,105.62,1.0,15.0,8.9,9.7,49.46468,11.08784,1.614009123287336,1,Maxfeld,3.0,5,1,0,0,0,1,0,0,0,1,0,1,0,0
1,310000.0,2018.0,67.0,1.0,13.0,6.2,9.5,49.42828,11.04444,3.5293151524875523,4,Schweinau,3.0,2,1,0,0,1,1,0,0,0,1,1,1,0,0
0,290000.0,1966.0,87.0,1.0,2.0,6.5,8.1,49.40306,11.03293,6.305232071925194,4,Eibach,3.0,6,0,0,0,1,1,1,0,0,0,0,0,0,0
0,260000.0,1976.0,87.67,1.0,28.0,3.1,7.6,49.39926,11.09383,6.004748686687732,3,Falkenheim,3.5,5,0,0,0,0,1,0,0,0,0,0,1,0,0
0,160000.0,1996.0,45.0,1.0,16.0,6.8,9.7,49.44504,11.10302,2.058294686868276,3,St Peter,2.0,5,1,0,0,0,1,0,0,0,1,0,0,0,0
0,120000.0,1993.0,35.0,2.0,9.0,7.3,9.3,49.46166,11.03136,3.445230610517414,2,Muggenhof,1.0,5,1,0,0,0,1,0,0,0,0,0,1,0,0
0,139000.0,1952.0,48.0,1.0,10.0,6.1,9.6,49.43317,11.08908,2.2873256777207516,3,Hummelstein,2.0,5,0,0,0,1,1,1,0,0,0,0,1,0,0
0,298000.0,1973.0,104.0,3.0,13.0,2.2,6.8,49.3801,11.0802,8.010048229127792,3,Königshof,3.0,6,1,0,0,0,0,0,0,0,0,0,1,0,0
0,168000.0,1964.0,67.78,2.0,4.0,3.5,9.3,49.41476,11.11488,4.986186977513444,3,Neuselsbrunn,3.0,6,1,0,0,0,1,0,1,0,0,0,1,0,0
0,215000.0,1933.0,65.0,1.0,16.0,6.8,9.6,49.43317,11.08908,2.2873256777207516,3,Hummelstein,3.0,6,0,0,0,0,0,0,0,0,0,0,1,0,0
0,265000.0,1965.0,71.0,2.0,7.0,5.5,9.2,49.42333,11.02481,4.930702243085639,4,Neuröthenbach,3.0,4,1,0,0,1,1,0,0,0,1,0,1,0,0
0,195000.0,1920.0,68.0,1.0,1.0,8.4,9.7,49.45136,11.06303,0.9915783203453478,4,Rosenau,2.0,4,0,0,0,1,1,1,0,0,0,0,1,0,0
1,595000.0,2022.0,98.69,13.0,5.0,6.1,9.3,49.47211,11.03073,3.9985559744336583,2,Schniegling,3.5,1,1,0,0,0,1,1,0,0,0,0,1,0,0
0,235000.0,1996.0,67.09,1.0,18.0,6.8,9.7,49.44504,11.10302,2.058294686868276,3,St Peter,3.0,5,1,0,0,0,1,1,0,0,1,0,1,0,0
0,419000.0,1998.0,84.0,1.0,10.0,6.1,8.9,49.4772,11.06313,2.9582726757265996,2,Thon,3.0,4,0,0,0,1,0,0,0,0,1,0,1,0,0
0,168000.0,1964.0,67.48,2.0,4.0,3.5,9.3,49.41476,11.11488,4.986186977513444,3,Neuselsbrunn,3.0,6,1,0,0,0,1,0,1,0,0,0,1,0,0
1,459000.0,2023.0,73.41,6.0,16.0,4.9,8.4,49.38101,11.04008,8.33691604604628,4,Reichelsdorf,3.0,3,1,0,0,0,1,1,0,0,1,0,1,0,0
0,169000.0,1955.0,43.01,1.0,11.0,7.5,9.7,49.45601,11.08013,0.5004970884120207,1,Sebald,1.5,7,0,0,0,0,1,0,0,0,0,0,0,0,0
0,250000.0,1902.0,84.0,1.0,19.0,8.0,9.7,49.44398,11.09165,1.408294025223907,3,Glockenhof,3.0,4,0,0,0,0,1,0,0,0,1,1,0,0,0
0,275000.0,1966.0,77.0,3.0,9.0,5.7,9.5,49.45187,11.10538,2.073327662848834,3,Tullnau,3.0,4,0,0,0,0,0,0,0,0,0,0,1,0,0
0,199000.0,1956.0,55.0,3.0,6.0,7.2,9.6,49.4587,11.09995,1.833793978860811,1,Gärten b Wöhrd,3.0,7,0,0,0,0,0,0,0,0,0,0,1,0,0
0,149000.0,1910.0,71.0,1.0,3.0,8.2,9.7,49.43972,11.08698,1.564401679049105,3,Lichtenhof,3.0,7,0,0,0,0,1,1,0,0,0,0,1,0,0
0,120000.0,1987.0,55.08,1.0,12.0,8.3,9.7,49.43929,11.07396,1.4381169948042094,4,Steinbühl,2.0,7,0,0,0,1,0,0,0,0,0,0,0,0,0
0,265000.0,1998.0,70.0,2.0,13.0,7.6,9.7,49.43929,11.07396,1.4381169948042094,4,Steinbühl,3.0,5,0,0,0,0,0,0,0,0,1,0,1,0,0
0,162000.0,1996.0,45.09,1.0,21.0,6.8,9.7,49.44504,11.10302,2.058294686868276,3,St Peter,2.0,5,1,0,0,1,1,0,0,0,1,0,0,0,0
0,174000.0,1955.0,43.97,1.0,11.0,7.5,9.7,49.45601,11.08013,0.5004970884120207,1,Sebald,1.5,7,0,0,0,0,1,0,0,0,0,0,0,0,0
0,284000.0,1948.0,104.45,1.0,14.0,8.4,9.5,49.43896,11.04878,2.491818130940929,4,St Leonhard,4.0,4,0,0,0,0,1,0,0,0,0,0,1,0,0
0,275000.0,1992.0,72.0,1.0,22.0,4.5,9.3,49.43638,11.02739,3.9704750035340526,4,Großreuth b Schweinau,3.0,5,1,0,0,0,1,1,0,0,1,0,1,0,0
0,149000.0,1905.0,37.98,1.0,15.0,8.9,9.7,49.43929,11.07396,1.4381169948042094,4,Steinbühl,2.0,6,0,0,0,1,1,0,0,0,0,0,0,0,0
1,315000.0,1969.0,67.0,3.0,4.0,4.4,6.5,49.46879,11.16706,6.789231555040641,1,Laufamholz,3.0,3,0,0,0,1,1,1,0,0,0,0,1,0,0
0,179500.0,1958.0,67.0,1.0,6.0,8.7,9.7,49.43972,11.08698,1.564401679049105,3,Lichtenhof,3.0,5,0,0,0,0,1,0,0,0,0,0,1,0,0
0,229000.0,1975.0,76.0,3.0,12.0,6.9,9.7,49.43929,11.07396,1.4381169948042094,4,Steinbühl,3.0,4,1,0,0,1,0,1,0,0,0,1,1,0,0
1,820000.0,1983.0,190.0,1.0,23.0,7.1,9.5,49.4576,11.13188,4.035137406290032,1,Mögeldorf,5.0,3,1,0,0,1,1,0,0,0,1,1,1,1,0
0,249000.0,1963.0,85.0,1.0,14.0,4.7,7.5,49.40815,11.13376,6.396166168496709,3,Langwasser,3.0,6,1,0,0,0,0,0,0,0,0,1,1,0,0
0,115000.0,1974.0,35.0,3.0,6.0,3.4,7.6,49.34839,11.06059,11.590814584867994,4,Katzwang,1.0,5,1,0,0,0,0,0,0,0,0,0,0,0,0
0,375000.0,1994.0,84.5,1.0,16.0,6.7,9.2,49.47383,11.04511,3.3242287840057374,2,Wetzendorf,3.0,5,0,0,0,1,1,1,0,0,0,0,1,0,1
0,230000.0,1967.0,75.0,2.0,22.0,4.8,9.1,49.41476,11.11488,4.986186977513444,3,Neuselsbrunn,3.0,6,1,0,0,0,1,1,1,0,1,0,1,0,0
0,195000.0,1911.0,68.0,1.0,25.0,7.3,9.7,49.43929,11.07396,1.4381169948042094,4,Steinbühl,3.0,6,0,0,0,0,1,0,0,0,0,0,1,0,0
0,530000.0,1963.0,143.0,1.0,12.0,8.6,9.7,49.46468,11.08784,1.614009123287336,1,Maxfeld,6.0,6,0,0,0,0,1,0,0,0,0,0,1,0,0
0,390000.0,1940.0,85.0,1.0,14.0,4.9,6.2,49.46879,11.16706,6.789231555040641,1,Laufamholz,4.0,6,0,0,0,1,1,1,0,0,0,1,0,0,0
0,349000.0,1956.0,78.0,3.0,10.0,7.2,9.6,49.4587,11.09995,1.833793978860811,1,Gärten b Wöhrd,3.0,7,0,0,0,0,0,0,0,0,0,0,1,0,0
0,480000.0,1957.0,120.0,1.0,16.0,7.5,9.7,49.46293,11.07721,1.2048067566337808,1,Gärten h d Veste,5.0,7,0,0,0,1,1,1,0,0,0,0,1,0,0
0,690000.0,2008.0,119.0,2.0,12.0,7.3,9.5,49.45672,11.10538,2.1357710083079526,1,Veilhof,4.5,5,1,0,0,1,1,0,0,0,1,0,1,0,0
1,349000.0,2023.0,55.3,6.0,15.0,4.9,8.4,49.38101,11.04008,8.33691604604628,4,Reichelsdorf,2.0,3,1,0,0,0,1,1,0,0,1,0,1,0,0
0,190000.0,1967.0,66.0,1.0,4.0,7.5,9.7,49.43929,11.07396,1.4381169948042094,4,Steinbühl,3.0,4,0,0,0,0,1,0,0,0,0,1,1,0,0
0,220000.0,1910.0,65.0,1.0,10.0,6.7,9.6,49.42749,11.07581,2.7372674442391345,4,Gibitzenhof,2.0,8,0,0,0,1,1,0,0,0,1,0,0,0,0
1,429000.0,2006.0,100.0,1.0,8.0,5.0,8.9,49.42039,11.05991,3.7291591591033293,4,Werderau,4.0,3,0,0,0,1,1,1,0,0,1,0,1,0,0
0,126000.0,1993.0,35.75,2.0,9.0,7.7,9.7,49.44504,11.10302,2.058294686868276,3,St Peter,1.0,5,1,0,0,1,1,0,0,0,1,0,0,0,0
0,288000.0,1910.0,77.0,1.0,16.0,8.5,9.6,49.46231,11.09839,1.9356297017134596,1,Rennweg,4.0,8,0,0,0,0,1,0,0,0,0,0,0,0,0
0,295000.0,1991.0,93.0,3.0,12.0,5.4,8.1,49.38101,11.04008,8.33691604604628,4,Reichelsdorf,4.0,6,0,0,0,1,1,1,0,0,1,0,1,0,0
0,699000.0,1979.0,140.0,2.0,4.0,9.3,9.7,49.46231,11.09839,1.9356297017134596,1,Rennweg,6.0,5,1,0,0,1,1,0,0,0,1,0,0,0,0
0,339000.0,1973.0,94.0,1.0,13.0,6.7,9.6,49.46468,11.08784,1.614009123287336,1,Maxfeld,2.0,6,1,0,0,1,1,1,0,0,1,0,1,0,0
0,490000.0,1972.0,137.9,10.0,21.0,4.6,9.5,49.45187,11.10538,2.073327662848834,3,Tullnau,4.0,7,1,0,0,0,1,0,0,0,1,0,1,1,0
1,489000.0,2018.0,71.82,1.0,42.0,6.9,9.3,49.4772,11.06313,2.9582726757265996,2,Thon,3.0,2,1,0,0,1,1,1,1,0,1,1,0,0,0
0,235000.0,1996.0,67.09,1.0,18.0,6.8,9.7,49.44504,11.10302,2.058294686868276,3,St Peter,3.0,5,1,0,0,0,1,1,0,0,1,0,1,0,0
0,147000.0,1938.0,53.0,2.0,16.0,7.0,9.6,49.43287,11.12797,4.2793539298007595,3,Gleißhammer,2.0,5,1,0,0,0,0,0,0,0,0,0,0,0,0
0,295000.0,1970.0,88.0,2.0,11.0,5.0,9.6,49.45187,11.10538,2.073327662848834,3,Tullnau,3.5,7,1,0,0,0,1,1,0,0,1,0,1,0,0
0,499000.0,1993.0,130.0,18.0,44.0,6.8,9.5,49.47379,11.08631,2.5098274557269242,1,Großreuth h d Veste,4.5,7,1,0,0,1,1,0,0,0,0,0,1,1,0
0,209000.0,1976.0,64.0,3.0,7.0,7.0,9.7,49.43929,11.07396,1.4381169948042094,4,Steinbühl,2.0,4,1,0,0,1,1,0,0,0,0,0,1,0,0
0,149999.0,1914.0,57.19,1.0,15.0,6.9,9.7,49.43929,11.07396,1.4381169948042094,4,Steinbühl,3.0,9,0,0,0,1,1,0,0,0,0,0,1,0,0
0,319500.0,1988.0,62.0,1.0,21.0,1.0,6.6,49.48081,11.13249,5.142544597310771,1,Spitalhof,2.0,4,0,0,0,0,1,0,0,0,0,0,1,0,1
0,286700.0,1939.0,68.0,1.0,7.0,5.7,9.6,49.45187,11.10538,2.073327662848834,3,Tullnau,3.0,6,0,0,0,0,1,0,0,0,0,0,1,0,0
0,175000.0,1911.0,57.91,4.0,19.0,8.8,9.7,49.44186,11.08505,1.2887556948839398,3,Galgenhof,3.0,7,0,0,0,1,1,0,0,0,0,0,0,0,0
0,125000.0,1971.0,41.0,1.0,7.0,8.8,9.7,49.43972,11.08698,1.564401679049105,3,Lichtenhof,2.0,8,0,0,0,0,0,0,0,0,0,0,0,0,0
0,132000.0,1972.0,28.0,10.0,12.0,5.0,9.6,49.45187,11.10538,2.073327662848834,3,Tullnau,1.0,7,0,0,0,0,1,0,0,0,0,0,1,0,0
0,298000.0,1970.0,84.63,2.0,18.0,6.1,9.4,49.41572,11.03733,4.946659671548466,4,Röthenbach b Schweinau,4.0,5,1,0,0,1,1,1,0,0,0,0,1,0,0
1,595000.0,2022.0,98.69,13.0,5.0,6.1,9.3,49.47211,11.03073,3.9985559744336583,2,Schniegling,3.5,1,1,0,0,0,1,1,0,0,0,0,1,0,0
0,375460.0,1992.0,85.46,1.0,18.0,8.9,9.7,49.46293,11.07721,1.2048067566337808,1,Gärten h d Veste,3.0,5,0,0,0,1,1,1,0,0,1,0,1,0,0
0,179000.0,1968.0,64.0,1.0,7.0,9.1,9.7,49.44186,11.08505,1.2887556948839398,3,Galgenhof,2.0,6,1,0,0,0,0,1,0,0,0,0,0,0,0
0,86500.0,1996.0,19.56,1.0,15.0,6.5,9.6,49.44267,11.12304,3.510327221993633,3,Zerzabelshof,1.0,7,1,0,0,0,1,0,0,0,1,0,0,0,0
0,144500.0,1908.0,55.0,1.0,5.0,7.9,9.5,49.46909,11.07358,1.902614158881705,2,Nordbahnhof,2.0,6,0,0,0,0,1,0,0,0,0,0,0,0,0
0,419000.0,1998.0,105.0,2.0,15.0,5.4,9.0,49.42333,11.02481,4.930702243085639,4,Neuröthenbach,3.0,4,1,0,0,1,1,1,0,0,1,1,1,0,0
0,175000.0,1961.0,50.6,1.0,19.0,8.7,9.6,49.46145,11.06072,1.5540259940496581,2,St Johannis,2.0,5,1,0,0,1,0,1,0,0,0,0,0,0,0
0,115000.0,1962.0,32.0,1.0,8.0,6.9,9.7,49.43929,11.07396,1.4381169948042094,4,Steinbühl,1.0,5,0,0,0,1,1,0,0,0,0,0,1,0,0
0,274000.0,1910.0,80.0,1.0,23.0,8.9,9.3,49.46008,11.04266,2.615535154498642,2,Seeleinsbühl,3.0,7,0,0,0,0,1,0,0,0,1,0,1,0,0
0,184500.0,1908.0,72.0,1.0,5.0,7.9,9.5,49.46909,11.07358,1.902614158881705,2,Nordbahnhof,2.0,6,0,0,0,0,1,0,0,0,0,0,1,0,0
0,549000.0,2020.0,120.0,1.0,6.0,5.8,9.5,49.42828,11.04444,3.5293151524875523,4,Schweinau,4.0,4,0,0,0,0,1,0,0,0,0,0,1,0,0
0,395000.0,1992.0,103.0,1.0,20.0,6.4,7.7,49.40941,11.1686,8.167148674699229,3,Altenfurt,3.0,6,0,0,0,0,0,0,0,0,0,1,1,0,0
0,249500.0,1935.0,84.0,1.0,16.0,4.5,9.1,49.4344,11.05972,2.3196388415074902,4,Sandreuth,3.5,8,0,0,0,0,0,0,0,0,0,0,1,0,0
0,420000.0,1972.0,97.0,4.0,19.0,5.8,9.0,49.42333,11.02481,4.930702243085639,4,Neuröthenbach,4.5,5,0,0,0,1,0,1,0,0,0,0,1,0,0
1,215000.0,1984.0,77.0,2.0,20.0,6.0,9.3,49.40815,11.13376,6.396166168496709,3,Langwasser,2.0,3,1,0,0,0,1,0,0,0,1,0,1,0,0
0,119000.0,1956.0,38.0,4.0,14.0,7.7,9.7,49.43929,11.07396,1.4381169948042094,4,Steinbühl,1.0,5,0,0,0,1,1,0,0,0,0,0,0,0,0
0,587500.0,1992.0,131.9,1.0,19.0,4.4,9.3,49.47379,11.08631,2.5098274557269242,1,Großreuth h d Veste,5.5,5,0,0,0,1,1,0,0,0,1,1,1,0,0
0,279000.0,1990.0,65.0,1.0,10.0,4.8,8.7,49.4772,11.06313,2.9582726757265996,2,Thon,2.0,5,0,0,0,0,0,0,0,0,0,0,0,0,0
0,198000.0,1977.0,61.55,3.0,22.0,8.2,9.7,49.46231,11.09839,1.9356297017134596,1,Rennweg,2.0,6,1,0,0,0,0,0,0,0,0,0,0,0,0
0,199000.0,1900.0,52.0,1.0,14.0,9.0,9.7,49.4587,11.09995,1.833793978860811,1,Gärten b Wöhrd,2.0,6,0,0,0,1,1,0,0,0,1,1,0,0,0
1,139990.0,1920.0,56.8,1.0,6.0,6.4,9.4,49.45044,11.05372,1.6713862397161467,4,Gostenhof,2.0,3,0,0,0,1,0,0,0,0,0,0,0,0,0
0,189000.0,1962.0,59.0,1.0,8.0,6.9,9.7,49.43929,11.07396,1.4381169948042094,4,Steinbühl,3.0,5,0,0,0,0,0,0,0,0,0,0,0,0,0
0,110000.0,1997.0,30.0,2.0,20.0,7.3,9.6,49.46468,11.08784,1.614009123287336,1,Maxfeld,1.0,4,1,0,0,0,0,0,0,1,0,0,0,0,0
0,249000.0,1909.0,64.0,4.0,13.0,7.5,9.7,49.43964,11.09467,1.8993064800798953,3,Bleiweiß,2.5,6,0,0,0,0,1,0,0,0,0,0,1,0,0
0,335000.0,1965.0,75.0,3.0,23.0,6.9,9.7,49.43638,11.02739,3.9704750035340526,4,Großreuth b Schweinau,3.0,5,0,0,0,1,1,1,0,0,1,0,1,0,1
1,285000.0,2007.0,59.77,2.0,10.0,9.3,9.7,49.45021,11.07551,0.22708254569977968,4,Lorenz,2.0,3,0,0,0,1,0,0,0,0,0,0,1,0,0
0,259000.0,1952.0,64.0,1.0,7.0,6.7,9.7,49.43972,11.08698,1.564401679049105,3,Lichtenhof,3.0,4,0,0,0,0,0,0,0,0,0,0,1,0,0
1,340000.0,2001.0,62.0,2.0,6.0,8.5,9.6,49.46145,11.06072,1.5540259940496581,2,St Johannis,2.0,3,1,0,0,1,1,1,1,1,0,0,1,0,0
0,149000.0,1947.0,51.0,3.0,12.0,2.8,7.4,49.42749,11.07581,2.7372674442391345,4,Gibitzenhof,2.0,5,0,0,0,0,1,0,0,0,0,0,0,0,0
0,264000.0,1978.0,75.0,1.0,12.0,6.6,9.3,49.47379,11.08631,2.5098274557269242,1,Großreuth h d Veste,3.0,6,1,0,0,0,1,0,0,0,1,0,1,0,0
0,177700.0,1970.0,57.0,2.0,5.0,6.0,9.0,49.42333,11.02481,4.930702243085639,4,Neuröthenbach,2.0,4,1,0,0,0,1,0,0,0,0,0,1,0,0
0,259000.0,1965.0,74.0,3.0,15.0,4.9,9.2,49.43638,11.02739,3.9704750035340526,4,Großreuth b Schweinau,3.0,6,0,0,0,0,1,0,0,0,0,1,1,0,0
1,1320000.0,2023.0,143.98,4.0,9.0,4.1,9.1,49.47379,11.08631,2.5098274557269242,1,Großreuth h d Veste,4.0,1,1,0,0,1,1,0,0,0,0,1,1,0,0
0,265000.0,1974.0,70.0,2.0,8.0,3.1,7.5,49.40815,11.13376,6.396166168496709,3,Langwasser,3.0,5,1,0,0,1,1,1,0,0,1,0,1,0,0
0,443650.0,1933.0,75.69,1.0,47.0,5.7,9.4,49.4576,11.13188,4.035137406290032,1,Mögeldorf,2.5,4,0,0,0,0,1,0,0,0,0,0,0,0,0
0,228000.0,1957.0,67.0,2.0,8.0,7.2,9.7,49.46145,11.06072,1.5540259940496581,2,St Johannis,2.0,5,1,0,0,1,0,1,0,0,0,0,0,0,0
0,269500.0,1993.0,73.0,1.0,14.0,6.3,9.7,49.44504,11.10302,2.058294686868276,3,St Peter,2.0,5,0,0,0,1,0,0,0,0,1,0,1,0,0
0,329000.0,1947.0,104.85,1.0,10.0,8.7,9.6,49.46231,11.09839,1.9356297017134596,1,Rennweg,3.0,6,0,0,0,0,1,0,0,0,0,0,1,0,0
0,687000.0,2010.0,204.0,3.0,32.0,9.0,9.7,49.4587,11.09995,1.833793978860811,1,Gärten b Wöhrd,5.0,5,0,0,0,1,1,0,0,0,1,1,1,0,0
0,335000.0,1990.0,115.0,1.0,4.0,7.5,9.7,49.43929,11.07396,1.4381169948042094,4,Steinbühl,3.0,4,1,0,0,0,1,0,0,0,1,0,1,0,0
0,149000.0,1974.0,45.0,1.0,14.0,7.1,9.5,49.4576,11.13188,4.035137406290032,1,Mögeldorf,1.5,6,1,0,0,1,1,0,0,0,0,0,0,0,0
0,345000.0,1968.0,90.0,16.0,5.0,6.1,8.9,49.42333,11.02481,4.930702243085639,4,Neuröthenbach,4.0,5,0,0,0,0,1,0,0,0,0,0,1,0,0
1,390000.0,2016.0,86.0,1.0,11.0,5.8,7.3,49.40941,11.1686,8.167148674699229,3,Altenfurt,2.0,1,1,0,0,1,1,0,0,0,1,1,1,0,0
0,318000.0,1983.0,77.0,1.0,7.0,6.9,9.7,49.43317,11.08908,2.2873256777207516,3,Hummelstein,3.0,6,1,0,0,1,1,1,0,0,1,1,1,0,0
0,229900.0,1952.0,68.0,1.0,8.0,8.8,9.6,49.46869,11.10224,2.6096488719043096,1,Schoppershof,3.0,5,0,0,0,1,0,1,0,0,0,0,0,0,0
0,525000.0,2006.0,92.0,2.0,12.0,9.3,9.7,49.45021,11.07551,0.22708254569977968,4,Lorenz,3.0,4,1,0,0,1,1,1,0,0,1,0,1,0,0
0,280000.0,1961.0,83.13,1.0,13.0,6.8,9.3,49.46347,11.11199,2.8468217119044903,1,Rechenberg,4.0,5,0,0,0,0,1,0,0,0,0,0,0,0,0
0,234000.0,1993.0,65.0,2.0,3.0,6.0,9.0,49.42333,11.02481,4.930702243085639,4,Neuröthenbach,3.0,4,0,0,0,0,1,0,0,0,0,0,1,0,0
0,254200.0,1971.0,41.0,1.0,18.0,8.6,9.7,49.45601,11.08013,0.5004970884120207,1,Sebald,2.0,5,1,0,0,1,1,0,0,0,0,0,0,0,0
0,175000.0,1961.0,50.6,1.0,19.0,8.7,9.6,49.46145,11.06072,1.5540259940496581,2,St Johannis,2.0,5,1,0,0,1,0,1,0,0,0,0,0,0,0
0,269000.0,1984.0,60.0,2.0,8.0,8.7,9.7,49.45044,11.05372,1.6713862397161467,4,Gostenhof,2.0,5,1,0,0,0,1,0,0,0,1,1,0,0,0
0,360000.0,2022.0,68.0,6.0,14.0,4.9,9.2,49.43638,11.02739,3.9704750035340526,4,Großreuth b Schweinau,3.0,4,1,0,0,0,1,1,0,0,1,1,1,0,0
0,159000.0,1935.0,57.0,1.0,11.0,6.3,9.3,49.46008,11.04266,2.615535154498642,2,Seeleinsbühl,3.0,6,0,0,0,0,0,0,0,0,0,0,0,0,1
0,229500.0,1997.0,61.0,1.0,11.0,5.8,8.1,49.46058,11.154,5.666240125251141,1,Rehhof,3.0,5,1,0,0,1,1,0,0,1,0,0,1,0,0
1,399000.0,1977.0,109.0,2.0,10.0,6.8,9.5,49.41572,11.03733,4.946659671548466,4,Röthenbach b Schweinau,4.0,3,1,0,0,0,1,1,0,0,1,0,1,0,0
0,165000.0,1970.0,60.0,1.0,12.0,8.4,9.6,49.46145,11.06072,1.5540259940496581,2,St Johannis,2.0,5,1,0,0,0,0,0,0,0,1,0,0,0,1
0,284900.0,1961.0,83.28,1.0,22.0,8.5,9.7,49.46145,11.06072,1.5540259940496581,2,St Johannis,3.0,5,1,0,0,0,0,0,0,0,0,0,1,0,0
0,524700.0,1985.0,106.0,1.0,28.0,8.4,9.6,49.46145,11.06072,1.5540259940496581,2,St Johannis,4.5,4,0,0,0,1,1,1,0,0,1,1,1,0,1
0,259000.0,1957.0,62.0,1.0,21.0,7.5,9.7,49.45601,11.08013,0.5004970884120207,1,Sebald,2.0,4,0,0,0,1,1,0,0,0,0,0,0,0,0
0,296000.0,1957.0,65.0,1.0,10.0,7.5,9.7,49.46293,11.07721,1.2048067566337808,1,Gärten h d Veste,3.0,7,0,0,0,1,1,1,0,0,0,0,1,0,0
1,629000.0,1938.0,142.0,11.0,38.0,8.4,9.7,49.45136,11.06303,0.9915783203453478,4,Rosenau,4.0,3,0,0,0,1,1,0,0,0,0,0,1,1,0
0,265000.0,1899.0,76.0,1.0,13.0,6.8,9.4,49.46909,11.07358,1.902614158881705,2,Nordbahnhof,3.5,4,0,0,0,0,1,0,0,0,0,0,0,0,0
0,169000.0,1909.0,37.0,4.0,8.0,6.4,9.7,49.42828,11.04444,3.5293151524875523,4,Schweinau,2.0,4,0,0,0,1,0,0,0,0,0,0,1,0,0
1,154900.0,2014.0,23.88,2.0,9.0,8.0,9.7,49.44398,11.09165,1.408294025223907,3,Glockenhof,1.0,3,1,0,0,0,0,0,0,0,0,0,1,0,0
0,360000.0,1910.0,109.2,1.0,18.0,8.8,9.7,49.46293,11.07721,1.2048067566337808,1,Gärten h d Veste,4.0,4,0,0,0,1,1,0,0,0,0,0,1,0,0
1,359800.0,1991.0,90.0,2.0,19.0,7.9,9.6,49.43964,11.09467,1.8993064800798953,3,Bleiweiß,3.0,3,1,0,0,1,1,1,0,0,0,1,1,0,0
0,397000.0,1971.0,77.0,3.0,30.0,7.1,9.5,49.4576,11.13188,4.035137406290032,1,Mögeldorf,3.0,5,0,0,0,0,1,0,0,0,1,0,1,0,0
1,459000.0,2023.0,71.21,6.0,17.0,4.9,8.4,49.38101,11.04008,8.33691604604628,4,Reichelsdorf,3.0,3,1,0,0,0,1,1,0,0,1,0,1,0,1
0,295000.0,1968.0,53.0,2.0,17.0,7.0,9.4,49.46145,11.06072,1.5540259940496581,2,St Johannis,2.0,6,1,0,0,1,1,0,0,0,0,0,1,0,0
0,183500.0,1956.0,39.0,3.0,7.0,7.2,9.6,49.4587,11.09995,1.833793978860811,1,Gärten b Wöhrd,1.0,7,0,0,0,0,0,0,0,0,0,0,0,0,0
0,215000.0,1963.0,52.85,3.0,12.0,8.4,9.6,49.4587,11.09995,1.833793978860811,1,Gärten b Wöhrd,2.0,4,0,0,0,1,1,0,0,0,0,0,1,0,0
0,249000.0,1998.0,66.83,2.0,20.0,6.0,9.0,49.42333,11.02481,4.930702243085639,4,Neuröthenbach,2.0,4,0,0,0,1,1,0,0,0,0,0,1,0,0
0,217000.0,1994.0,55.0,1.0,10.0,6.3,6.5,49.51703,11.02298,8.196721012957608,2,Boxdorf,2.0,4,0,0,0,1,1,1,0,0,1,0,1,0,0
0,395000.0,1998.0,77.0,1.0,11.0,4.2,8.1,49.38007,11.02342,8.888491817228322,4,Mühlhof,3.0,5,0,0,0,1,1,1,0,0,1,0,1,0,0
0,290000.0,1993.0,65.0,1.0,12.0,5.2,8.6,49.41572,11.03733,4.946659671548466,4,Röthenbach b Schweinau,2.0,5,0,0,0,0,0,0,0,0,1,0,0,0,0
1,178000.0,2023.0,20.0,10.0,4.0,8.4,9.6,49.46145,11.06072,1.5540259940496581,2,St Johannis,1.0,2,1,0,0,0,1,0,0,0,0,0,1,0,0
0,269000.0,1977.0,68.5,3.0,17.0,7.7,9.6,49.44267,11.12304,3.510327221993633,3,Zerzabelshof,2.0,4,0,0,0,1,1,1,0,0,1,0,1,0,0
1,595000.0,2023.0,98.69,8.0,3.0,6.1,9.3,49.47211,11.03073,3.9985559744336583,2,Schniegling,4.0,1,1,0,0,0,1,1,0,0,0,1,1,0,0
0,188000.0,1960.0,66.0,2.0,27.0,2.5,8.5,49.42957,11.00723,5.612963490852003,4,Gebersdorf,2.0,4,1,0,0,1,1,1,0,0,0,0,1,0,0
1,1300000.0,2003.0,250.35,1.0,26.0,8.9,9.7,49.46468,11.08784,1.614009123287336,1,Maxfeld,4.0,3,1,0,0,0,0,1,1,0,1,1,1,1,1
0,215000.0,1958.0,62.0,2.0,11.0,5.7,9.4,49.42828,11.04444,3.5293151524875523,4,Schweinau,3.0,7,0,0,0,0,0,0,0,0,1,0,0,0,0
0,159000.0,1998.0,47.0,2.0,1.0,7.7,9.7,49.46468,11.08784,1.614009123287336,1,Maxfeld,1.0,4,1,0,0,0,0,0,0,0,0,0,0,0,0
0,249000.0,1996.0,82.0,1.0,17.0,3.7,8.7,49.42039,11.05991,3.7291591591033293,4,Werderau,3.5,5,0,0,0,1,1,0,0,0,0,1,1,0,1
0,149900.0,1952.0,51.0,1.0,10.0,8.3,9.7,49.44186,11.08505,1.2887556948839398,3,Galgenhof,2.0,7,0,0,0,0,1,0,0,0,0,0,0,0,0
0,280000.0,1973.0,92.7,3.0,17.0,2.9,5.4,49.3801,11.0802,8.010048229127792,3,Königshof,3.0,6,1,0,0,0,1,0,0,0,0,0,1,0,0
0,112000.0,1966.0,29.35,2.0,7.0,6.6,9.6,49.43929,11.07396,1.4381169948042094,4,Steinbühl,1.0,7,1,0,0,1,1,0,0,0,0,0,0,0,0
0,189000.0,1971.0,46.5,3.0,23.0,3.4,6.6,49.46879,11.16706,6.789231555040641,1,Laufamholz,1.5,5,1,0,0,1,1,0,0,0,0,0,1,0,0
0,325000.0,1981.0,83.0,2.0,12.0,6.0,9.3,49.40815,11.13376,6.396166168496709,3,Langwasser,3.0,5,1,0,0,1,1,1,0,0,1,0,1,0,0
0,249000.0,1961.0,72.13,1.0,21.0,1.9,6.0,49.50854,11.04854,6.597355219284203,2,Kraftshof,3.0,8,0,0,0,0,1,0,0,0,1,1,1,0,0
0,129000.0,1986.0,40.0,1.0,15.0,5.6,8.5,49.43287,11.12797,4.2793539298007595,3,Gleißhammer,1.0,4,1,0,0,0,1,0,0,0,0,0,1,0,0
0,159000.0,1956.0,45.0,1.0,15.0,2.0,9.0,49.44363,11.01332,4.677683989399614,4,Kleinreuth b Schweinau,2.0,7,0,0,0,1,1,0,0,0,0,0,1,0,1
0,319000.0,1935.0,85.0,1.0,7.0,7.7,9.6,49.44267,11.12304,3.510327221993633,3,Zerzabelshof,3.0,6,0,0,0,0,1,0,0,0,0,0,1,0,0
0,330000.0,1998.0,92.0,2.0,19.0,7.6,9.7,49.43929,11.07396,1.4381169948042094,4,Steinbühl,4.0,5,0,0,0,0,0,0,0,0,1,0,1,0,0
0,199000.0,1967.0,75.0,2.0,7.0,6.0,9.3,49.40815,11.13376,6.396166168496709,3,Langwasser,3.0,4,1,0,0,1,1,0,0,0,0,1,1,0,0
0,329900.0,1972.0,80.0,4.0,19.0,6.6,9.3,49.42333,11.02481,4.930702243085639,4,Neuröthenbach,3.0,4,0,0,0,1,1,1,0,0,0,0,1,0,0
0,198000.0,1958.0,34.0,1.0,18.0,8.9,9.7,49.46468,11.08784,1.614009123287336,1,Maxfeld,1.0,5,0,0,0,1,1,0,0,0,0,0,0,0,0
